"accessed_utc","artifact_id","path","mode","sha256","bytes","stage","mutation","authority_branch","blind_claim_authorized"
"2026-08-13T01:36:02.741289+00:00","ORIGINAL_FEM_AUTHORITY","repository://data/authority/ORIGINAL_FEM_AUTHORITY_MANIFEST.json","READ_ONLY","fd782027a929be74498305acbfe1c8deb280ecc89e2e34d0ef7ec7f28b5a1769","4999","S1","NO","O","NO"
"2026-08-13T01:36:02.741289+00:00","ORIGINAL_CASE_QUALITY","repository://data/authority/V5_CASE_QUALITY_CHECKS.csv","READ_ONLY","f07451acb2b9a203a4c05719c771588bbd4893957eecfbf3540267cbf7b08c30","5134","S1","NO","O","NO"
"2026-08-13T01:36:02.741289+00:00","EXACT_TIMOSHENKO_GRAPH","repository://data/authority/original_exact_timoshenko_graph.npz","READ_ONLY","97a064ff0ac2226f4e0c8eb6c2363799ee9a7b7a238fa131030f0060cafe2e86","3082202","S2","NO","O","NO"
"2026-08-13T01:36:02.741289+00:00","FEM_MODAL_REFERENCE","repository://data/authority/modal_reference_original.h5","READ_ONLY","af588aaa04bf1b897d00befe6ef84370095b691129654dbc6b61857c95cc638f","610189","S2","NO","O","NO"
"2026-08-13T01:36:02.741289+00:00","PORTFOLIO_SPLIT_MANIFEST","repository://configs/SPLIT_MANIFEST.json","READ_ONLY","03f4d13d6412cbf7ae10d697a51172fd8631a99393b78df078184808d37daa6c","1730","S10","NO","O","NO"
"2026-08-13T01:36:02.741289+00:00","PORTFOLIO_SPLIT_FOLDS","repository://data/campaign_metadata/S10_B2_COMMON_SPLIT_FOLDS.csv","READ_ONLY","1580277c7c4ff361b2fcc139bc923bac2a2ab35369681359ffc1bda32b205e35","5722","S10","NO","O","NO"
"2026-08-13T01:36:02.741289+00:00","PORTFOLIO_SPLIT_ASSIGNMENTS","repository://data/campaign_metadata/S10_B2_COMMON_SPLIT_ASSIGNMENTS.csv","READ_ONLY","eb059fbcbc7cf51a5ddd36c44cdd44ac5d515a6816d5128862519043df43b748","18385","S10","NO","O","NO"
"2026-08-13T01:36:02.741289+00:00","S10_ORIGINAL_DATASET_REPORT","repository://data/campaign_metadata/S10_ORIGINAL_68CASE_DATASET_REPORT.json","READ_ONLY","9cd40f59c05f7c19b30dd87ab01ff262fd9b9229cb099853f85bf5161844f516","25104","S10","NO","O","NO"
"2026-08-13T01:36:02.741289+00:00","S10_INCREMENTAL_TOTAL_CONTRACT","repository://data/campaign_metadata/S10_INCREMENTAL_TOTAL_RECONSTRUCTION_CONTRACT_V1.json","READ_ONLY","7936f760e9b624d0d8966fddf2371f7b1a7543c2bc3e9889ec2672d59e3f31ae","4287","S10","NO","O","NO"
