case_id,axis,reference_energy,error_energy,relative_l2,model,outer_fold
BASE_C1_0T,u,0.028697825428509967,0.0041875345819465636,0.381992387845338,B2_COMMON_SPLIT,0
BASE_C1_0T,v,109.42552540492129,0.05696946103343197,0.022817167739759853,B2_COMMON_SPLIT,0
BASE_C1_0T,w,33.049679744493304,0.041642553515916746,0.0354964603879569,B2_COMMON_SPLIT,0
V40_A_E3_C6_1T,u,0.7537923811412853,0.0035274107289393402,0.06840725189394603,B2_COMMON_SPLIT,0
V40_A_E3_C6_1T,v,296.15308562281285,0.08157521027421459,0.016596670428929948,B2_COMMON_SPLIT,0
V40_A_E3_C6_1T,w,419.99294867991813,0.27239044172360427,0.025466832534581194,B2_COMMON_SPLIT,0
V40_A_E8_C12_2T,u,0.3305463191724889,0.003890661427520036,0.10849146082766022,B2_COMMON_SPLIT,0
V40_A_E8_C12_2T,v,274.9863635150079,0.07911264729603894,0.016961621970755916,B2_COMMON_SPLIT,0
V40_A_E8_C12_2T,w,96.08111297142365,0.2025693094837672,0.04591639795829952,B2_COMMON_SPLIT,0
V40_B_E7_C11_2T,u,35.37833100274135,0.003745863835528364,0.010289809221058056,B2_COMMON_SPLIT,0
V40_B_E7_C11_2T,v,345.3324026610006,0.0744298353490745,0.014680973812996635,B2_COMMON_SPLIT,0
V40_B_E7_C11_2T,w,125.35160978042231,0.20299774263045367,0.0402421009756939,B2_COMMON_SPLIT,0
V40_CPLUS_E1_C4_2T,u,0.9245798858774886,0.006331453082174619,0.082752186167836,B2_COMMON_SPLIT,0
V40_CPLUS_E1_C4_2T,v,585.3532444031734,0.16970796676442337,0.017027155421693845,B2_COMMON_SPLIT,0
V40_CPLUS_E1_C4_2T,w,228.36052648197438,0.5159453793100197,0.04753257541090792,B2_COMMON_SPLIT,0
V40_C_E4_C7_1T,u,36.570647609749145,0.004748368613730347,0.011394778495458526,B2_COMMON_SPLIT,0
V40_C_E4_C7_1T,v,352.9170077685877,0.11647474463370905,0.01816684828341403,B2_COMMON_SPLIT,0
V40_C_E4_C7_1T,w,452.53045771884655,0.29443285968598665,0.02550757845486686,B2_COMMON_SPLIT,0
V40_C_E5_C9_1T,u,36.55391080272033,0.005884067628448394,0.012687378723881945,B2_COMMON_SPLIT,0
V40_C_E5_C9_1T,v,352.91566484330576,0.13735152664068045,0.019727919065917112,B2_COMMON_SPLIT,0
V40_C_E5_C9_1T,w,452.52966160833137,0.41980533668041703,0.03045793476447162,B2_COMMON_SPLIT,0
V52_A_E4_C7_1T,u,35.548044319205346,0.0027518230986715475,0.008798373604048981,B2_COMMON_SPLIT,0
V52_A_E4_C7_1T,v,279.7624634093946,0.05714171454749016,0.014291634865067012,B2_COMMON_SPLIT,0
V52_A_E4_C7_1T,w,412.92086835779116,0.2089680035182624,0.022496060988905612,B2_COMMON_SPLIT,0
V52_A_E5_C9_1T,u,35.53771530147927,0.0015888637642727506,0.006686495834446998,B2_COMMON_SPLIT,0
V52_A_E5_C9_1T,v,279.76293749402635,0.08315440695507831,0.0172404082485204,B2_COMMON_SPLIT,0
V52_A_E5_C9_1T,w,412.92072833059666,0.26232625535983645,0.025205048507184625,B2_COMMON_SPLIT,0
V52_B_E3_C6_1T,u,0.9048698177360672,0.0025679192770176125,0.05327183203233622,B2_COMMON_SPLIT,0
V52_B_E3_C6_1T,v,300.2795801731548,0.08359435236030187,0.01668497532540136,B2_COMMON_SPLIT,0
V52_B_E3_C6_1T,w,425.6696636737187,0.23087698133515033,0.02328916767042356,B2_COMMON_SPLIT,0
V52_B_E6_C10_1T,u,0.9048736356715706,0.004139221966151629,0.067634049441327,B2_COMMON_SPLIT,0
V52_B_E6_C10_1T,v,300.28020445616636,0.08742525032343468,0.017062988214087423,B2_COMMON_SPLIT,0
V52_B_E6_C10_1T,w,425.6697236881146,0.2657605173540428,0.02498669694993422,B2_COMMON_SPLIT,0
V52_CPLUS_E2_C5_2T,u,35.674224404764104,0.006575594723577567,0.013576575816538808,B2_COMMON_SPLIT,0
V52_CPLUS_E2_C5_2T,v,476.1050034447778,0.1862907619101146,0.019780819803285762,B2_COMMON_SPLIT,0
V52_CPLUS_E2_C5_2T,w,183.78443756991823,0.3734076196466138,0.04507515420064838,B2_COMMON_SPLIT,0
V52_CPLUS_E8_C12_2T,u,0.7351926118056269,0.004637514408013182,0.07942222853961547,B2_COMMON_SPLIT,0
V52_CPLUS_E8_C12_2T,v,475.8180415535179,0.14538484509596775,0.017479906951043976,B2_COMMON_SPLIT,0
V52_CPLUS_E8_C12_2T,w,183.6700454913229,0.36825600345401505,0.04477707814859069,B2_COMMON_SPLIT,0
V52_C_E2_C5_2T,u,35.4324050677452,0.006024067632550951,0.013039009550446103,B2_COMMON_SPLIT,0
V52_C_E2_C5_2T,v,353.8557521844584,0.0920609367208236,0.016129635932031285,B2_COMMON_SPLIT,0
V52_C_E2_C5_2T,w,130.91370650188102,0.19108439357177429,0.038204986422952926,B2_COMMON_SPLIT,0
BASE_C8_0T,u,34.982294173540694,0.003773519296354958,0.010386019742683708,B2_COMMON_SPLIT,1
BASE_C8_0T,v,109.71546321421448,0.029463404102217865,0.016387305142960034,B2_COMMON_SPLIT,1
BASE_C8_0T,w,33.1650585707382,0.02449150092924713,0.027174860055504443,B2_COMMON_SPLIT,1
V40_A_E7_C11_2T,u,35.273421557857894,0.004485535391599812,0.01127673434361948,B2_COMMON_SPLIT,1
V40_A_E7_C11_2T,v,275.2718762234769,0.07336297925683467,0.01632516420703613,B2_COMMON_SPLIT,1
V40_A_E7_C11_2T,w,96.19527325299131,0.22201109063670413,0.04804082632214744,B2_COMMON_SPLIT,1
V40_B_E2_C5_2T,u,35.39369590254271,0.005552865657813732,0.012525515989605943,B2_COMMON_SPLIT,1
V40_B_E2_C5_2T,v,345.3326484478375,0.07602482116452526,0.014837436862539525,B2_COMMON_SPLIT,1
V40_B_E2_C5_2T,w,125.35302708502132,0.1920184066747762,0.03913848564792554,B2_COMMON_SPLIT,1
V40_B_E6_C10_1T,u,1.1525648899859606,0.0022635695841034427,0.04431637533428527,B2_COMMON_SPLIT,1
V40_B_E6_C10_1T,v,322.87306940643134,0.09233652095169623,0.016911060467914036,B2_COMMON_SPLIT,1
V40_B_E6_C10_1T,w,435.47921432577294,0.33967931685461544,0.027928707415859042,B2_COMMON_SPLIT,1
V40_CPLUS_E2_C5_2T,u,35.851512493133505,0.0059976008199678086,0.012934064949619385,B2_COMMON_SPLIT,1
V40_CPLUS_E2_C5_2T,v,585.6370237047031,0.16221948547573928,0.01664321591481546,B2_COMMON_SPLIT,1
V40_CPLUS_E2_C5_2T,w,228.47502495247517,0.4897135988607966,0.04629687903441814,B2_COMMON_SPLIT,1
V40_CPLUS_E4_C7_1T,u,37.55496687299388,0.0043839616021956705,0.01080437574297326,B2_COMMON_SPLIT,1
V40_CPLUS_E4_C7_1T,v,408.2788817506833,0.19075789659504827,0.021615376483206217,B2_COMMON_SPLIT,1
V40_CPLUS_E4_C7_1T,w,483.35422573363263,0.5869977178890776,0.03484860890582855,B2_COMMON_SPLIT,1
V40_C_E3_C6_1T,u,1.6428796964987575,0.0029231513071750074,0.04218157257332131,B2_COMMON_SPLIT,1
V40_C_E3_C6_1T,v,352.6336136005207,0.1133024297912307,0.017924941953107697,B2_COMMON_SPLIT,1
V40_C_E3_C6_1T,w,452.4193465919939,0.330915529146555,0.02704506253504804,B2_COMMON_SPLIT,1
V40_C_E8_C12_2T,u,0.6130028530783229,0.003916195858847716,0.07992836956134552,B2_COMMON_SPLIT,1
V40_C_E8_C12_2T,v,426.5747826130953,0.10851102873158724,0.015949216426274507,B2_COMMON_SPLIT,1
V40_C_E8_C12_2T,w,159.78893364468578,0.30705221298430196,0.04383618656913111,B2_COMMON_SPLIT,1
V52_A_E1_C4_2T,u,0.27671078810527866,0.0015070104903911682,0.07379808495150503,B2_COMMON_SPLIT,1
V52_A_E1_C4_2T,v,236.85960295781553,0.0610877831109616,0.01605948758197663,B2_COMMON_SPLIT,1
V52_A_E1_C4_2T,w,81.68830574947165,0.16573600320649004,0.045043122201521534,B2_COMMON_SPLIT,1
V52_A_E3_C6_1T,u,0.5977685719404459,0.0010864397307386116,0.042632056285604014,B2_COMMON_SPLIT,1
V52_A_E3_C6_1T,v,279.47586448064925,0.07260651250838762,0.01611816637548914,B2_COMMON_SPLIT,1
V52_A_E3_C6_1T,w,412.8086982059677,0.2448869596894972,0.024356137092495657,B2_COMMON_SPLIT,1
V52_B_E5_C9_1T,u,35.850551702407905,0.003944799959131946,0.010489736303689807,B2_COMMON_SPLIT,1
V52_B_E5_C9_1T,v,300.56692117383005,0.10814683204748617,0.018968645042663143,B2_COMMON_SPLIT,1
V52_B_E5_C9_1T,w,425.7810427196528,0.40061121300272307,0.03067385708982866,B2_COMMON_SPLIT,1
V52_CPLUS_E1_C4_2T,u,0.735193080008228,0.004528509031524009,0.07848323823211267,B2_COMMON_SPLIT,1
V52_CPLUS_E1_C4_2T,v,475.8186979279991,0.15147268975779093,0.017842118382987528,B2_COMMON_SPLIT,1
V52_CPLUS_E1_C4_2T,w,183.6692310151122,0.32226294406116807,0.04188774502735204,B2_COMMON_SPLIT,1
V52_C_E6_C10_1T,u,1.2823885523466758,0.002590507325196444,0.04494512536039939,B2_COMMON_SPLIT,1
V52_C_E6_C10_1T,v,323.4250689182981,0.17436299768654084,0.02321882957065815,B2_COMMON_SPLIT,1
V52_C_E6_C10_1T,w,439.6510598726197,0.5731097016569346,0.03610478955238933,B2_COMMON_SPLIT,1
V52_C_E7_C11_2T,u,35.44294457828241,0.0032607040842312987,0.009591594189139371,B2_COMMON_SPLIT,1
V52_C_E7_C11_2T,v,353.85441269266806,0.10103836589562148,0.0168978265904405,B2_COMMON_SPLIT,1
V52_C_E7_C11_2T,w,130.91347761460258,0.2498443632175735,0.04368603184282998,B2_COMMON_SPLIT,1
BASE_C2_0T,u,34.96280889161008,0.0028574703960236813,0.009040401354538537,B2_COMMON_SPLIT,2
BASE_C2_0T,v,109.71597869070649,0.22931694075390066,0.045717568990972304,B2_COMMON_SPLIT,2
BASE_C2_0T,w,33.16486112401237,0.13662062139034248,0.0641828557424002,B2_COMMON_SPLIT,2
V40_A_E4_C7_1T,u,35.68999192002935,0.007443146908427596,0.014441259453415971,B2_COMMON_SPLIT,2
V40_A_E4_C7_1T,v,296.43861034833577,0.5171488398457347,0.041767683858250124,B2_COMMON_SPLIT,2
V40_A_E4_C7_1T,w,420.10375529470684,0.672312577243724,0.040004360850778665,B2_COMMON_SPLIT,2
V40_A_E5_C9_1T,u,35.6865769381455,0.011775725216455223,0.018165250253650646,B2_COMMON_SPLIT,2
V40_A_E5_C9_1T,v,296.4388282993324,0.47584765990279054,0.040065117887538186,B2_COMMON_SPLIT,2
V40_A_E5_C9_1T,w,420.1041146003228,0.5284479126586581,0.03546685062487766,B2_COMMON_SPLIT,2
V40_B_E1_C4_2T,u,0.4581539592783326,0.009432788134534962,0.14348758231236158,B2_COMMON_SPLIT,2
V40_B_E1_C4_2T,v,345.04624819454835,0.48572905629232593,0.037519616191523615,B2_COMMON_SPLIT,2
V40_B_E1_C4_2T,w,125.23906212013694,0.48731318331973345,0.06237839224305904,B2_COMMON_SPLIT,2
V40_B_E5_C9_1T,u,36.068433453793894,0.011848350608022818,0.01812446969698469,B2_COMMON_SPLIT,2
V40_B_E5_C9_1T,v,323.1573001266358,0.4615318349135044,0.037791475260520555,B2_COMMON_SPLIT,2
V40_B_E5_C9_1T,w,435.5897662895784,0.5683131196874234,0.03612060426290573,B2_COMMON_SPLIT,2
V40_CPLUS_E8_C12_2T,u,0.9246013713415984,0.013774145520262652,0.1220548571666246,B2_COMMON_SPLIT,2
V40_CPLUS_E8_C12_2T,v,585.3536351754274,0.6285916807528193,0.032769902904374495,B2_COMMON_SPLIT,2
V40_CPLUS_E8_C12_2T,w,228.36164208800716,0.8735809988188479,0.06185004372073598,B2_COMMON_SPLIT,2
V40_C_E1_C4_2T,u,0.6129947469888797,0.012408479014608668,0.14227575497493636,B2_COMMON_SPLIT,2
V40_C_E1_C4_2T,v,426.5740961534724,0.5903593923214017,0.03720154689810679,B2_COMMON_SPLIT,2
V40_C_E1_C4_2T,w,159.78814672822267,0.5738363921568265,0.059926893301353965,B2_COMMON_SPLIT,2
V52_A_E6_C10_1T,u,0.5977647511426746,0.004627253725161508,0.08798254206542065,B2_COMMON_SPLIT,2
V52_A_E6_C10_1T,v,279.47512117357064,0.1852023930205222,0.025742559215004315,B2_COMMON_SPLIT,2
V52_A_E6_C10_1T,w,412.8095902454073,0.2790268855624441,0.025998490718585315,B2_COMMON_SPLIT,2
V52_B_E2_C5_2T,u,35.312695808486396,0.008499216101155012,0.015514007576917755,B2_COMMON_SPLIT,2
V52_B_E2_C5_2T,v,291.0858019096518,0.37844869168013817,0.03605728252160692,B2_COMMON_SPLIT,2
V52_B_E2_C5_2T,w,104.28015561889643,0.38937308862710324,0.06110575729506123,B2_COMMON_SPLIT,2
V52_B_E7_C11_2T,u,35.32276280777879,0.009987885928969858,0.01681548718195398,B2_COMMON_SPLIT,2
V52_B_E7_C11_2T,v,291.0859144521177,0.39745213402993607,0.036951478606712405,B2_COMMON_SPLIT,2
V52_B_E7_C11_2T,w,104.28013277279874,0.3217024832230715,0.05554262727649337,B2_COMMON_SPLIT,2
V52_CPLUS_E3_C6_1T,u,2.055042437728964,0.014347637032798255,0.08355641405150271,B2_COMMON_SPLIT,2
V52_CPLUS_E3_C6_1T,v,366.2696640795151,0.744890587559186,0.04509680437261262,B2_COMMON_SPLIT,2
V52_CPLUS_E3_C6_1T,w,464.25742492585863,1.0337292545986847,0.047187174631846324,B2_COMMON_SPLIT,2
V52_CPLUS_E7_C11_2T,u,35.67519441959978,0.012056546432457831,0.0183835037168175,B2_COMMON_SPLIT,2
V52_CPLUS_E7_C11_2T,v,476.10523031848425,0.5048494308559717,0.0325633786483265,B2_COMMON_SPLIT,2
V52_CPLUS_E7_C11_2T,w,183.78387240481254,0.47337752701386804,0.050751644502119705,B2_COMMON_SPLIT,2
V52_C_E3_C6_1T,u,1.2823999065201597,0.011322001081015123,0.09396148181141556,B2_COMMON_SPLIT,2
V52_C_E3_C6_1T,v,323.4249259940775,0.570051584004553,0.04198269701197193,B2_COMMON_SPLIT,2
V52_C_E3_C6_1T,w,439.6518947868335,0.6217845952427122,0.037606724148085455,B2_COMMON_SPLIT,2
V52_C_E8_C12_2T,u,0.49469607531449505,0.005604584825218354,0.10643941791164876,B2_COMMON_SPLIT,2
V52_C_E8_C12_2T,v,353.56870259458117,0.30277026348187325,0.029263057585554787,B2_COMMON_SPLIT,2
V52_C_E8_C12_2T,w,130.79971679071593,0.477425663859424,0.06041565364042493,B2_COMMON_SPLIT,2
BASE_C3_0T,u,0.028698033108296606,0.0022900981761372957,0.2824886377266519,B2_COMMON_SPLIT,3
BASE_C3_0T,v,109.42612342081159,0.020875418383796206,0.013812016458342787,B2_COMMON_SPLIT,3
BASE_C3_0T,w,33.049550198166415,0.014748942595741048,0.02112504613515033,B2_COMMON_SPLIT,3
V40_A_E2_C5_2T,u,35.25949761035586,0.007324272028266476,0.014412661040610255,B2_COMMON_SPLIT,3
V40_A_E2_C5_2T,v,275.2721997168484,0.11465374368669655,0.0204085872892392,B2_COMMON_SPLIT,3
V40_A_E2_C5_2T,w,96.19426007242738,0.2610654906491374,0.05209549328581302,B2_COMMON_SPLIT,3
V40_B_E8_C12_2T,u,0.45816264218501557,0.006974724108478822,0.12338253227520828,B2_COMMON_SPLIT,3
V40_B_E8_C12_2T,v,345.04682729298327,0.14148840699977613,0.02024983128953919,B2_COMMON_SPLIT,3
V40_B_E8_C12_2T,w,125.24026852993472,0.32581259116204,0.051004904275483834,B2_COMMON_SPLIT,3
V40_CPLUS_E3_C6_1T,u,2.6463570665656584,0.010470876523628733,0.0629024118901724,B2_COMMON_SPLIT,3
V40_CPLUS_E3_C6_1T,v,407.9944523491008,0.20646763455525946,0.02249566635671747,B2_COMMON_SPLIT,3
V40_CPLUS_E3_C6_1T,w,483.24256067098327,0.5521840804081551,0.033803319662518046,B2_COMMON_SPLIT,3
V40_CPLUS_E6_C10_1T,u,2.646392616160059,0.01777689391918417,0.08195978346845156,B2_COMMON_SPLIT,3
V40_CPLUS_E6_C10_1T,v,407.9975212821174,0.39473335663335446,0.031104494771936712,B2_COMMON_SPLIT,3
V40_CPLUS_E6_C10_1T,w,483.24495518065993,1.112172958496235,0.04797362115713619,B2_COMMON_SPLIT,3
V40_C_E2_C5_2T,u,35.544372581772535,0.011428133826037747,0.017930905941193228,B2_COMMON_SPLIT,3
V40_C_E2_C5_2T,v,426.8590154359108,0.17531731245678528,0.020266099616939,B2_COMMON_SPLIT,3
V40_C_E2_C5_2T,w,159.9004203114088,0.36806753008241866,0.04797764766366281,B2_COMMON_SPLIT,3
V40_C_E6_C10_1T,u,1.6428521138106975,0.012570683940009408,0.08747424810959609,B2_COMMON_SPLIT,3
V40_C_E6_C10_1T,v,352.6316643842625,0.3350760051412529,0.030825562553601905,B2_COMMON_SPLIT,3
V40_C_E6_C10_1T,w,452.41936108370527,0.9166446343559378,0.045012165733429484,B2_COMMON_SPLIT,3
V52_A_E7_C11_2T,u,35.221771989254734,0.00372554595298115,0.010284646328602317,B2_COMMON_SPLIT,3
V52_A_E7_C11_2T,v,237.1476802854641,0.08009100873331088,0.01837733115806042,B2_COMMON_SPLIT,3
V52_A_E7_C11_2T,w,81.80316524492099,0.22375713558112673,0.05230020518811541,B2_COMMON_SPLIT,3
V52_A_E8_C12_2T,u,0.27671370957765,0.0068670846367971175,0.1575327526838662,B2_COMMON_SPLIT,3
V52_A_E8_C12_2T,v,236.86051905423244,0.13508556670945868,0.02388130945245069,B2_COMMON_SPLIT,3
V52_A_E8_C12_2T,w,81.68784542355809,0.24672959013881404,0.05495812378933107,B2_COMMON_SPLIT,3
V52_B_E1_C4_2T,u,0.3752227017490862,0.00698834521324658,0.13647170645554194,B2_COMMON_SPLIT,3
V52_B_E1_C4_2T,v,290.7992329513599,0.11944931011656021,0.020267267264983208,B2_COMMON_SPLIT,3
V52_B_E1_C4_2T,w,104.16556359923696,0.23121115033103937,0.04711316745932645,B2_COMMON_SPLIT,3
V52_B_E4_C7_1T,u,35.840186306286114,0.008345247582935058,0.015259295507753366,B2_COMMON_SPLIT,3
V52_B_E4_C7_1T,v,300.5671061836328,0.16076873847599876,0.023127573879829284,B2_COMMON_SPLIT,3
V52_B_E4_C7_1T,w,425.7812002773141,0.3532355836208812,0.02880308341788365,B2_COMMON_SPLIT,3
V52_CPLUS_E5_C9_1T,u,36.99908987515572,0.008784085158227756,0.015408229842202468,B2_COMMON_SPLIT,3
V52_CPLUS_E5_C9_1T,v,366.5553061220811,0.18922491792685214,0.02272057967781193,B2_COMMON_SPLIT,3
V52_CPLUS_E5_C9_1T,w,464.36962787299956,0.6088901183342053,0.036210753289862715,B2_COMMON_SPLIT,3
V52_C_E4_C7_1T,u,36.22099503079504,0.011626864746673191,0.01791641534498141,B2_COMMON_SPLIT,3
V52_C_E4_C7_1T,v,323.71133965001167,0.17655685873840266,0.02335411100559066,B2_COMMON_SPLIT,3
V52_C_E4_C7_1T,w,439.7627572016369,0.34580115684241103,0.028041677963550414,B2_COMMON_SPLIT,3
V40_A_E1_C4_2T,u,0.3305341788064015,0.002171792870056046,0.08105895757504997,B2_COMMON_SPLIT,4
V40_A_E1_C4_2T,v,274.9855571857243,0.14631137112410542,0.023066627266727903,B2_COMMON_SPLIT,4
V40_A_E1_C4_2T,w,96.08111939585334,0.20859361569663426,0.04659415917182094,B2_COMMON_SPLIT,4
V40_A_E6_C10_1T,u,0.7537892946115213,0.0017053638306027351,0.04756456630821012,B2_COMMON_SPLIT,4
V40_A_E6_C10_1T,v,296.15320779720764,0.07873624217127032,0.016305312292883727,B2_COMMON_SPLIT,4
V40_A_E6_C10_1T,w,419.9929464670844,0.21728444684378995,0.02274538655511373,B2_COMMON_SPLIT,4
V40_B_E3_C6_1T,u,1.1525724891212348,0.002362349349179292,0.045272860604342165,B2_COMMON_SPLIT,4
V40_B_E3_C6_1T,v,322.87321076574443,0.171293436831292,0.02303320406659667,B2_COMMON_SPLIT,4
V40_B_E3_C6_1T,w,435.48030305518705,0.30559921528510925,0.02649060391259914,B2_COMMON_SPLIT,4
V40_B_E4_C7_1T,u,36.06197774446599,0.003150175138849334,0.00934636159973842,B2_COMMON_SPLIT,4
V40_B_E4_C7_1T,v,323.1576765754063,0.14085102459580612,0.020877224759963724,B2_COMMON_SPLIT,4
V40_B_E4_C7_1T,w,435.58993124561005,0.25992442720646447,0.024427815524374324,B2_COMMON_SPLIT,4
V40_CPLUS_E5_C9_1T,u,37.55058975586298,0.005341977894963242,0.011927314259893431,B2_COMMON_SPLIT,4
V40_CPLUS_E5_C9_1T,v,408.27907666804106,0.33611207562902584,0.028692176645742647,B2_COMMON_SPLIT,4
V40_CPLUS_E5_C9_1T,w,483.3540907106657,0.7798595651591284,0.04016756474594549,B2_COMMON_SPLIT,4
V40_CPLUS_E7_C11_2T,u,35.85747657970444,0.007410829764701822,0.014376181822067263,B2_COMMON_SPLIT,4
V40_CPLUS_E7_C11_2T,v,585.6371514636774,0.3878172682952499,0.02573352389710284,B2_COMMON_SPLIT,4
V40_CPLUS_E7_C11_2T,w,228.47448972180814,0.6483388342516995,0.05326993414322646,B2_COMMON_SPLIT,4
V40_C_E7_C11_2T,u,35.547536506375785,0.005965806747292149,0.012954773852487196,B2_COMMON_SPLIT,4
V40_C_E7_C11_2T,v,426.859295479802,0.25181252992728287,0.024288254032095346,B2_COMMON_SPLIT,4
V40_C_E7_C11_2T,w,159.9010728900813,0.3457419609812177,0.046499722013087476,B2_COMMON_SPLIT,4
V52_A_E2_C5_2T,u,35.22071139566634,0.0025861427597819757,0.008568941653054128,B2_COMMON_SPLIT,4
V52_A_E2_C5_2T,v,237.14729642438965,0.16856484527447785,0.026660875951142634,B2_COMMON_SPLIT,4
V52_A_E2_C5_2T,w,81.8032893013476,0.1862166562683589,0.04771158877191836,B2_COMMON_SPLIT,4
V52_B_E8_C12_2T,u,0.3752219771158369,0.0026639997232700743,0.084260290859444,B2_COMMON_SPLIT,4
V52_B_E8_C12_2T,v,290.7986244107603,0.15618822761965864,0.02317543926317786,B2_COMMON_SPLIT,4
V52_B_E8_C12_2T,w,104.16561061971845,0.19942760992520756,0.04375527927951196,B2_COMMON_SPLIT,4
V52_CPLUS_E4_C7_1T,u,36.99262687961492,0.003781455726129343,0.01011048348127334,B2_COMMON_SPLIT,4
V52_CPLUS_E4_C7_1T,v,366.5559216023764,0.169091817422001,0.021477868354772854,B2_COMMON_SPLIT,4
V52_CPLUS_E4_C7_1T,w,464.36998896265237,0.3158806272154341,0.026081311343454233,B2_COMMON_SPLIT,4
V52_CPLUS_E6_C10_1T,u,2.0551103164840065,0.0037357549157799558,0.0426355253434539,B2_COMMON_SPLIT,4
V52_CPLUS_E6_C10_1T,v,366.2720544838476,0.2749113472849349,0.02739645944786106,B2_COMMON_SPLIT,4
V52_CPLUS_E6_C10_1T,w,464.25822622238184,0.5787199332103067,0.03530647963502253,B2_COMMON_SPLIT,4
V52_C_E1_C4_2T,u,0.49469406658661097,0.0036662233283772383,0.08608770051528683,B2_COMMON_SPLIT,4
V52_C_E1_C4_2T,v,353.56990668808265,0.1717672981946185,0.02204106601365565,B2_COMMON_SPLIT,4
V52_C_E1_C4_2T,w,130.79964080868697,0.2389359570676469,0.042740291493242724,B2_COMMON_SPLIT,4
V52_C_E5_C9_1T,u,36.225160874825676,0.004443484179732377,0.011075329551535116,B2_COMMON_SPLIT,4
V52_C_E5_C9_1T,v,323.7107680418993,0.15465548880439556,0.021857681628318117,B2_COMMON_SPLIT,4
V52_C_E5_C9_1T,w,439.76252211235413,0.283032302699584,0.025369323999556197,B2_COMMON_SPLIT,4
