node_zero_based,X_m,Y_m,Z_m,COMAC_X,COMAC_Y,COMAC_Z,node_min_COMAC,energy_floor
0,-8.336,-17.092913958612904,-105.81646918606299,,,,,2.141275591599316e-13
1,-8.336,-17.0929139586129,-29.183530813936898,,,0.9998195237894107,0.9998195237894107,2.141275591599316e-13
2,-8.336,-16.127119864078097,-105.24757298778898,0.999997315219436,0.9996973156883052,0.999413192905329,0.999413192905329,2.141275591599316e-13
3,-8.336000000000002,-16.1271198640781,-28.6146346156628,0.9999628835699155,0.9991443111224431,0.9998773002930029,0.9991443111224431,2.141275591599316e-13
4,-8.336,-14.53323430000629,-107.32423573259814,0.9999867193323735,0.9997942731229851,0.9996917558724073,0.9996917558724073,2.141275591599316e-13
5,-8.336,-14.3200758620046,-30.816857276085102,0.9999974337068819,0.9990620451530058,0.9999581902648984,0.9990620451530058,2.141275591599316e-13
6,-8.336,-12.726190297932762,-108.3886659964721,0.9999497097655492,0.9998644562222067,0.999767873818594,0.999767873818594,2.141275591599316e-13
7,-8.336000000000002,-12.726190297932702,-31.755727624346303,0.9999903211287857,0.9987828719295082,0.9999889751587717,0.9987828719295082,2.141275591599316e-13
8,-8.336,-12.513031859931084,-103.11871246004104,0.9999207700418791,0.9995125238001403,0.9992265605189089,0.9992265605189089,2.141275591599316e-13
9,-8.33600000000001,-12.513031859931106,-26.485774087914713,0.9999535599817798,0.9984467133242858,0.999987994678465,0.9984467133242858,2.141275591599316e-13
10,-8.336,-10.919146295859104,-102.17984211177999,0.9999360990703023,0.9994627590165408,0.9991647246590635,0.9991647246590635,2.141275591599316e-13
11,-8.336,-10.9191462958591,-25.5469037396535,0.9999368632922422,0.9981694383195217,0.9999303490889634,0.9981694383195217,2.141275591599316e-13
12,-8.336,-10.705987857857503,-109.57865617595897,0.9999164712766414,0.9998946556104951,0.9998135039458514,0.9998135039458514,2.141275591599316e-13
13,-8.336,-10.7059878578575,-32.9457178038332,0.9999646020111912,0.9985131573190568,0.9999238027015067,0.9985131573190568,2.141275591599316e-13
14,-8.336,-9.310524288256177,-110.40064703722899,0.9999002281415138,0.9998852639735096,0.9998080458020557,0.9998080458020557,2.141275591599316e-13
15,-8.336,-9.310524288256168,-101.23229133489698,0.9999482767866186,0.9994723929708687,0.9991579732438337,0.9991579732438337,2.141275591599316e-13
16,-8.336,-9.31052428825619,-24.5993529627705,0.9999250085344651,0.9979978123378883,0.999793291817835,0.9979978123378883,2.141275591599316e-13
17,-8.336,-8.989695145484234,-35.0709448472531,0.9999327404249382,0.9984107460605175,0.999750453439571,0.9984107460605175,2.141275591599316e-13
18,-8.336,-8.568745437008007,-111.13546752651,0.999898770624542,0.9998494153313178,0.9997861856310545,0.9997861856310545,2.141275591599316e-13
19,-8.336,-8.568745437008038,-23.86453247349038,0.9999139016601093,0.9980071747094701,0.9997028722138559,0.9980071747094701,2.141275591599316e-13
20,-8.335999999999995,-8.482926297179732,-97.87051554069468,0.9999307992677631,0.9999191373496937,0.9992146365429339,0.9992146365429339,2.141275591599316e-13
21,-8.335999999999999,-8.092092775020351,-92.49761058463798,0.9999414648957241,0.9994763206743139,0.9992368056527133,0.9992368056527133,2.141275591599316e-13
22,-8.335999999999999,-8.092092775020351,-86.137610584638,0.999950281725559,0.9989978333461311,0.9992372997456614,0.9989978333461311,2.141275591599316e-13
23,-8.336000000000004,-8.092092775020351,-78.71761058463801,0.9999699898955275,0.9988096477657296,0.9992733863585431,0.9988096477657296,2.141275591599316e-13
24,-8.336,-8.09209277502036,-70.352610584638,0.9999925041866178,0.9987211885412489,0.9993450641873171,0.9987211885412489,2.141275591599316e-13
25,-8.336,-8.09209277502036,-63.992610584638,0.9999882739576615,0.9987024807989173,0.9994161873024588,0.9987024807989173,2.141275591599316e-13
26,-8.336,-8.09209277502036,-58.577610584638,0.9999694603035568,0.9986873151034424,0.9994773983463309,0.9986873151034424,2.141275591599316e-13
27,-8.336,-8.09209277502036,-50.21261058463801,0.9999455549018469,0.9986618145413997,0.9995589436139034,0.9986618145413997,2.141275591599316e-13
28,-8.336,-8.09209277502036,-41.732610584638,0.9999361562696822,0.9986056325919107,0.9996120565645256,0.9986056325919107,2.141275591599316e-13
29,-8.336,-7.34997818573109,-112.34280195832201,0.9998990574520735,0.9997799705560625,0.9997451383742832,0.9997451383742832,2.141275591599316e-13
30,-8.336,-7.243434126254979,-22.55165343389877,0.9999088775206684,0.9980593115944827,0.9995256245962171,0.9980593115944827,2.141275591599316e-13
31,-8.336,-6.024666874978031,-113.655680997913,0.9998992322596352,0.9997185503028907,0.9997066811426442,0.9997066811426442,2.141275591599316e-13
32,-8.336,-6.024666874978042,-21.34431900208669,0.9999107176051203,0.9980988045817915,0.9993745100462738,0.9980988045817915,2.141275591599316e-13
33,-8.336,-5.272321071848141,-114.400969314281,0.9998991287467417,0.999691510041923,0.9996893806374341,0.9996893806374341,2.141275591599316e-13
34,-8.336,-5.27232107184816,-20.5990306857192,0.9999135571332808,0.9981208086010414,0.9992938735135425,0.9981208086010414,2.141275591599316e-13
35,-8.336,-4.069989131117052,-116.12447173277292,0.9999007126531806,0.9996392484588259,0.9996649449158852,0.9996392484588259,2.141275591599316e-13
36,-8.336,-4.04604638751018,-67.50000000000001,0.9999929725581416,0.9987114725651249,0.9993988202625046,0.9987114725651249,2.141275591599316e-13
37,-8.336,-3.9937907436917572,-18.76630044039858,0.9999121611361381,0.9981762747231324,0.9991568520150624,0.9981762747231324,2.141275591599316e-13
38,-8.336,-3.25661797523893,-117.29041194179298,0.9999008128833295,0.9996092801202071,0.9996493808003846,0.9996092801202071,2.141275591599316e-13
39,-8.336,-2.8884544137981085,-16.6237681019201,0.9999120052072715,0.9982323983132569,0.9990242607905562,0.9982323983132569,2.141275591599316e-13
40,-8.336,-2.4747264620992246,-119.59643431211104,0.9999005439417574,0.999558314377872,0.999630847017893,0.999558314377872,2.141275591599316e-13
41,-8.336,-2.226,-135.0,,,0.999617475295611,0.999617475295611,2.141275591599316e-13
42,-8.336,-2.226,-125.44,0.9999005057935608,0.9995345094000413,0.9996212226059643,0.9995345094000413,2.141275591599316e-13
43,-8.336,-2.226,-14.34,0.9999100808968914,0.9983053789406618,0.9989470560632061,0.9983053789406618,2.141275591599316e-13
44,-8.336,-2.226,-7.17,0.9999089818013273,0.9983699867873886,0.9988900007156456,0.9983699867873886,2.141275591599316e-13
45,-8.336,-2.226,0.0,,,0.998866724441963,0.998866724441963,2.141275591599316e-13
46,-8.336,-1.1129999999999824,-131.41500000000002,0.9999011880051127,0.9995436352821397,0.9996228806434477,0.9995436352821397,2.141275591599316e-13
47,-8.336,-1.1130000000000004,-121.69000000000001,0.999901002728348,0.9995428308718435,0.9996233515449215,0.9995428308718435,2.141275591599316e-13
48,-8.336,-1.112999999999997,-13.310000000000002,0.9999087469982038,0.9983099396710655,0.9989938227804863,0.9983099396710655,2.141275591599316e-13
49,-8.336,-1.1129999999999947,-3.584999999999996,0.9999095807173406,0.9984361258119843,0.9989835830682592,0.9984361258119843,2.141275591599316e-13
50,-8.336,2.6484591469634303e-14,-135.0,0.999901695729646,0.9996948986015507,0.9996291988697681,0.9996291988697681,2.141275591599316e-13
51,-8.336,2.6484591469634303e-14,-127.83,0.9999013491647843,0.999534639902288,0.9996266639990571,0.999534639902288,2.141275591599316e-13
52,-8.336,2.2848999697380665e-14,-120.16734200000002,0.9999016686468153,0.9995540928598508,0.9996189089965555,0.9995540928598508,2.141275591599316e-13
53,-8.336,2.0298431699777173e-14,-110.40064703722899,0.9999046644283498,0.9998733154225085,0.9996124846347125,0.9996124846347125,2.141275591599316e-13
54,-8.335999999999997,3.540482982230371e-14,-104.152342,0.9999183370369897,0.9992611151827044,0.9996512759855689,0.9992611151827044,2.141275591599316e-13
55,-8.335999999999997,3.4309924218806515e-14,-97.792342,0.999930221317869,0.9999732075639766,0.9996619559703976,0.9996619559703976,2.141275591599316e-13
56,-8.335999999999997,3.321501861530936e-14,-91.432342,0.9999356887171753,0.9992652436555444,0.9996694662983489,0.9992652436555444,2.141275591599316e-13
57,-8.335999999999997,3.21201130118121e-14,-85.072342,0.9999456609734373,0.9989288500638523,0.9996357354811378,0.9989288500638523,2.141275591599316e-13
58,-8.335999999999997,3.047775460656634e-14,-75.532342,0.9999728757089925,0.9987566142975863,0.9995320025566895,0.9987566142975863,2.141275591599316e-13
59,-8.335999999999997,2.9565333270318696e-14,-70.232342,0.9999872497912108,0.9987184669857984,0.9994552465314068,0.9987184669857984,2.141275591599316e-13
60,-8.336,1.8166889219704507e-14,-64.932342,0.9999906158802528,0.9987070434788703,0.9993748157250233,0.9987070434788703,2.141275591599316e-13
61,-8.336,1.471873865091523e-14,-55.392342,0.9999681819782006,0.9986836093856836,0.9992281466460191,0.9986836093856836,2.141275591599316e-13
62,-8.336,1.2461537361388079e-14,-49.147342,0.9999511138266426,0.9986664630998322,0.9991434369874679,0.9986664630998322,2.141275591599316e-13
63,-8.336,1.050433240017279e-14,-43.732342,0.9999404899331986,0.9986410483578482,0.9990854408069122,0.9986410483578482,2.141275591599316e-13
64,-8.336,7.864003269669052e-15,-36.427342,0.9999307743724647,0.9985457146977879,0.9990370965485377,0.9985457146977879,2.141275591599316e-13
65,-8.336,5.565236223809534e-15,-30.067342,0.9999681780191987,0.9992047808508915,0.9990651538887235,0.9990651538887235,2.141275591599316e-13
66,-8.336,3.608031262594242e-15,-24.652342000000004,0.9999042105980989,0.9978830105908228,0.9990049520530756,0.9978830105908228,2.141275591599316e-13
67,-8.336,1.6923920577113162e-15,-19.352342000000018,0.9999073661602348,0.9981728877999397,0.9990084567249844,0.9981728877999397,2.141275591599316e-13
68,-8.336,0.0,-14.34,0.9999082600760706,0.9983086734226184,0.9990361014687276,0.9983086734226184,2.141275591599316e-13
69,-8.336,0.0,-9.56,0.9999093017812818,0.998344834774751,0.9990718442049221,0.998344834774751,2.141275591599316e-13
70,-8.336,0.0,0.0,0.9999095200913796,0.999246338008231,0.9991101569043611,0.9991101569043611,2.141275591599316e-13
71,-7.812000000000001,-17.0929139586129,-105.816469186063,,,,,2.141275591599316e-13
72,-7.811999999999996,-17.092913958612904,-29.183530813936898,,,0.9999010705919216,0.9999010705919216,2.141275591599316e-13
73,-7.812,-15.492978896205287,-106.75890296117062,0.9999961493544264,0.9996771721337679,0.9995460095012636,0.9995460095012636,2.141275591599316e-13
74,-7.812,-15.2798204582039,-30.251524504657297,0.9999903331334106,0.9986528486126434,0.9999566898115235,0.9986528486126434,2.141275591599316e-13
75,-7.812,-14.411382704136615,-27.603988192111693,0.999984743904336,0.9985416681420098,0.9999822777599696,0.9985416681420098,2.141275591599316e-13
76,-7.812000000000001,-14.36310665623189,-104.2084897988072,0.9999825270863539,0.9991758761296151,0.9989083994794771,0.9989083994794771,2.141275591599316e-13
77,-7.812,-13.882985174979199,-31.0743233670013,0.9999965364589061,0.9984826138653742,0.9999893292910815,0.9984826138653742,2.141275591599316e-13
78,-7.812,-13.47277645613009,-107.94889314065745,0.9999635680102935,0.9997122204760526,0.9995996877331885,0.9995996877331885,2.141275591599316e-13
79,-7.812,-13.4727764561304,-27.05110685934244,0.9999635471687657,0.998376418866561,0.9999938304428696,0.998376418866561,2.141275591599316e-13
80,-7.811999999999996,-11.878890892058498,-102.745174883207,0.9999214854325768,0.9990414118522857,0.998992804711646,0.998992804711646,2.141275591599316e-13
81,-7.812,-11.878890892058498,-26.112236511081203,0.9999471106652273,0.9983985744037898,0.9999633284335695,0.9983985744037898,2.141275591599316e-13
82,-7.812,-11.665732454056492,-109.01332340453145,0.9999316604246646,0.9997521324103334,0.9997079145308775,0.9997079145308775,2.141275591599316e-13
83,-7.812,-11.6657324540568,-32.3803850324055,0.9999825608495766,0.9986458791979852,0.9999712199908367,0.9986458791979852,2.141275591599316e-13
84,-7.812,-10.071846889984645,-109.95219375279255,0.9999092267258307,0.9997868026071578,0.9997778455900779,0.9997778455900779,2.141275591599316e-13
85,-7.812000000000004,-10.071846889984903,-101.680744619333,0.9999433382954674,0.9992213648001593,0.9991245579424777,0.9991245579424777,2.141275591599316e-13
86,-7.812,-10.071846889984878,-33.31925538066669,0.9999581756176263,0.9987933952991119,0.9998711766877701,0.9987933952991119,2.141275591599316e-13
87,-7.812,-10.071846889984936,-25.047806247207227,0.9999287156686025,0.9985662118090443,0.9998375651060182,0.9985662118090443,2.141275591599316e-13
88,-7.812,-9.310524288256177,-110.40064703722899,0.9999021110634878,0.9997897355635843,0.9997877439536801,0.9997877439536801,2.141275591599316e-13
89,-7.812000000000001,-9.310524288256191,-101.23229133489698,0.9999430436260469,0.9993105243088706,0.9991736173273646,0.9991736173273646,2.141275591599316e-13
90,-7.812,-9.31052428825619,-24.5993529627705,0.9999151713903499,0.998590331548541,0.9997635910573048,0.998590331548541,2.141275591599316e-13
91,-7.812,-9.088897537958932,-34.667976008101405,0.9999334232257687,0.9988001484643649,0.9997693163275373,0.9988001484643649,2.141275591599316e-13
92,-7.812,-8.55463887005303,-98.16181831598507,0.9999308145802555,0.9998628027895325,0.9992046216112407,0.9992046216112407,2.141275591599316e-13
93,-7.812000000000001,-8.546456958612909,-105.816469186063,0.9999033119422787,0.9998554385151682,0.9999963999489355,0.9998554385151682,2.141275591599316e-13
94,-7.812,-8.546456958612909,-29.183530813936898,0.9999092143124765,0.9999113911610784,0.9999970257203359,0.9999092143124765,2.141275591599316e-13
95,-7.812,-8.49179793631839,-23.788306789770097,0.9999083202878386,0.9985341549968434,0.9996741278214075,0.9985341549968434,2.141275591599316e-13
96,-7.812,-8.092092775020351,-91.282915415362,0.999942209731974,0.9993502655395259,0.9992189228691215,0.9992189228691215,2.141275591599316e-13
97,-7.812,-8.09209277502037,-85.748024584638,0.9999513544611869,0.9989615916539208,0.999222119626097,0.9989615916539208,2.141275591599316e-13
98,-7.812000000000008,-8.09209277502038,-80.33302458463801,0.9999645472310761,0.9988047140817226,0.9992458202653,0.9988047140817226,2.141275591599316e-13
99,-7.812,-8.09209277502037,-74.088024584638,0.9999842830890933,0.9987181861618186,0.9992933794950205,0.9987181861618186,2.141275591599316e-13
100,-7.812000000000008,-8.09209277502038,-68.67302458463801,0.9999943181493794,0.9986839236410932,0.9993494864590644,0.9986839236410932,2.141275591599316e-13
101,-7.812,-8.09209277502037,-60.30802458463801,0.999975868364674,0.9986680081140221,0.9994489572491195,0.9986680081140221,2.141275591599316e-13
102,-7.812,-8.09209277502036,-53.948024584638006,0.9999546431182308,0.9986581289776678,0.9995203805415205,0.9986581289776678,2.141275591599316e-13
103,-7.812,-8.092092775020364,-48.533024584638014,0.9999427596517788,0.9986565545440422,0.9995703306446444,0.9986565545440422,2.141275591599316e-13
104,-7.812,-8.092092775020369,-40.168024584638005,0.9999353419067765,0.998664950288584,0.9996182256304342,0.998664950288584,2.141275591599316e-13
105,-7.812000000000001,-7.922494700911829,-111.775656015703,0.9998990307583668,0.999737256221151,0.9997645939066757,0.999737256221151,2.141275591599316e-13
106,-7.812,-7.809337948944433,-23.1122487153286,0.9999087248315839,0.9984618122546213,0.9995940236478713,0.9984618122546213,2.141275591599316e-13
107,-7.812000000000001,-6.597407886379829,-113.08831266499182,0.9998990292042244,0.9996638924256088,0.9997164416174757,0.9996638924256088,2.141275591599316e-13
108,-7.811999999999996,-6.484251134412594,-21.7995920660395,0.9999098931923283,0.9983490038323418,0.9994293215204705,0.9983490038323418,2.141275591599316e-13
109,-7.812000000000001,-5.272321071848141,-114.400969314281,0.9998997129124857,0.9996024683086671,0.9996701455819218,0.9996024683086671,2.141275591599316e-13
110,-7.8119999999999985,-5.272321071848163,-20.599030685719203,0.9999112208080213,0.9982938036820611,0.999287827172354,0.9982938036820611,2.141275591599316e-13
111,-7.812,-4.2968123576235495,-115.799328262646,0.9999006733203742,0.9995680754031054,0.9996491640858298,0.9995680754031054,2.141275591599316e-13
112,-7.812,-4.0965275453110905,-18.913570191837902,0.9999122158203332,0.9982447880752319,0.9991629341746465,0.9982447880752319,2.141275591599316e-13
113,-7.812,-4.046046387510175,-67.5,0.9999918226065542,0.9986865010528392,0.9993821812096263,0.9986865010528392,2.141275591599316e-13
114,-7.812,-3.25661797523893,-117.29041194179298,0.999900851156714,0.9995504884457963,0.9996333009222871,0.9995504884457963,2.141275591599316e-13
115,-7.812,-3.16031484583146,-17.425562503493605,0.9999118460794739,0.9982359424170238,0.9990651491436159,0.9982359424170238,2.141275591599316e-13
116,-7.812,-2.226,-135.0,,,0.9996126584946576,0.9996126584946576,2.141275591599316e-13
117,-7.812,-2.226,-127.83,0.9999006063014299,0.9994955213017808,0.9996145193589974,0.9994955213017808,2.141275591599316e-13
118,-7.812000000000001,-2.226,-120.33,0.9999003642628687,0.9995280104208477,0.9996188309442176,0.9995280104208477,2.141275591599316e-13
119,-7.8119999999999985,-2.226,-14.670000000000003,0.9999101751847365,0.9982519996592913,0.9989547444298956,0.9982519996592913,2.141275591599316e-13
120,-7.812000000000008,-2.226,-7.16999999999999,0.9999089781034417,0.9982302815334904,0.9988932847829279,0.9982302815334904,2.141275591599316e-13
121,-7.812000000000008,-2.226,8.881784197001252e-15,,,0.9988714060106983,0.9988714060106983,2.141275591599316e-13
122,-7.812,-1.113674,-135.0,0.9999017434599426,,0.999577647172006,0.999577647172006,2.141275591599316e-13
123,-7.812,-1.113674,-127.83,0.9999012079348489,0.9994956653966028,0.9995945684876846,0.9994956653966028,2.141275591599316e-13
124,-7.812000000000001,-1.1136740000000003,-120.33,0.9999014574262698,0.9995271878442155,0.999560725223785,0.9995271878442155,2.141275591599316e-13
125,-7.812,-1.113674,-11.95,0.9999082191911924,0.9982451227623464,0.9989879065197006,0.9982451227623464,2.141275591599316e-13
126,-7.812,-1.113674,0.0,0.9999096181205532,,0.9989363078452282,0.9989363078452282,2.141275591599316e-13
127,-7.812,-1.113000000000002,-121.69000000000001,0.9999011059683706,0.9995211376269155,0.9996185897341953,0.9995211376269155,2.141275591599316e-13
128,-7.812,-1.112999999999989,-5.974999999999999,0.999909341203381,0.9982288078473163,0.9989876675823293,0.9982288078473163,2.141275591599316e-13
129,-7.812,-0.37767400000001,-135.0,0.999901719154786,0.9997009306534445,0.9995908660460053,0.9995908660460053,2.141275591599316e-13
130,-7.812,-0.37767400000001006,-132.61,0.999901469699132,0.9994779412606879,0.999608253572622,0.9994779412606879,2.141275591599316e-13
131,-7.812,-0.37767400000001,-123.05000000000001,0.9999014399939234,0.9995143378257182,0.9996059913117391,0.9995143378257182,2.141275591599316e-13
132,-7.812,-0.37767400000001,-91.282915415362,0.9999364309747357,0.9992664255215893,0.9996097637743242,0.9992664255215893,2.141275591599316e-13
133,-7.812,-0.37767400000001,-81.282915415362,0.9999554238743509,0.9988063501247343,0.9995467857287565,0.9988063501247343,2.141275591599316e-13
134,-7.812,-0.37767400000001,-48.717084584638,0.9999500508674098,0.9986638773321451,0.9991644266252598,0.9986638773321451,2.141275591599316e-13
135,-7.812,-0.37767400000001,-11.95,0.999908251316187,0.9982454111893991,0.9990350124800107,0.9982454111893991,2.141275591599316e-13
136,-7.812,2.6484591469634303e-14,-127.83,0.9999013492687825,0.9994960684039005,0.9996220050355784,0.9994960684039005,2.141275591599316e-13
137,-7.812000000000001,0.0,-120.33,0.9999016762597022,0.9995269189286544,0.999618461435078,0.9995269189286544,2.141275591599316e-13
138,-7.812000000000001,2.1343112273271128e-15,-114.425,0.9999019817550502,0.9995951494045772,0.9996226666355552,0.9995951494045772,2.141275591599316e-13
139,-7.812000000000001,4.049950432210035e-15,-109.12500000000001,0.9999162180601932,0.9998764645378743,0.9996262621619483,0.9996262621619483,2.141275591599316e-13
140,-7.812000000000001,1.5731756482091055e-14,-103.82500000000002,0.99991801922633,0.9994820681720786,0.9996325238719453,0.9994820681720786,2.141275591599316e-13
141,-7.812,5.329070518200752e-15,-96.282915415362,0.999931531376427,0.9998936429906918,0.9996710996891253,0.9996710996891253,2.141275591599316e-13
142,-7.812,1.966338120633735e-14,-86.282915415362,0.9999434165669873,0.9989456284183439,0.9996345581634877,0.9989456284183439,2.141275591599316e-13
143,-7.812,1.573175648209105e-14,-77.325,0.999967092459657,0.9987434609120498,0.9995375590228519,0.9987434609120498,2.141275591599316e-13
144,-7.812,1.573175648209105e-14,-69.905,0.9999876321983733,0.9986944570785425,0.9994297929917084,0.9986944570785425,2.141275591599316e-13
145,-7.812000000000001,1.7282318600278732e-14,-62.48500000000001,0.9999873354907147,0.9986813432288798,0.9993206152183745,0.9986813432288798,2.141275591599316e-13
146,-7.812000000000001,1.460042371344263e-14,-55.065,0.9999669076097231,0.9986672023774305,0.9992124647657686,0.9986672023774305,2.141275591599316e-13
147,-7.812,1.4547473508864644e-14,-43.717084584638,0.9999403532041884,0.9986732258334945,0.999085192881212,0.9986732258334945,2.141275591599316e-13
148,-7.812000000000001,8.42881250148489e-15,-37.99,0.99993262134481,0.9987014358793412,0.9990466603832011,0.9987014358793412,2.141275591599316e-13
149,-7.812000000000001,6.130045455625373e-15,-31.63,0.9999522207503725,0.9993397259327699,0.9989984794076694,0.9989984794076694,2.141275591599316e-13
150,-7.812000000000001,3.4481505687892734e-15,-24.21,0.999904565876311,0.9987068795903933,0.999009235239439,0.9987068795903933,2.141275591599316e-13
151,-7.812000000000001,4.246935973089513e-16,-15.845,0.9999079663001899,0.9982443365585123,0.99903544155905,0.9982443365585123,2.141275591599316e-13
152,-7.812,0.0,-7.17,0.999909494739459,0.9982303662136546,0.9990923289442872,0.9982303662136546,2.141275591599316e-13
153,-7.812,0.0,0.0,0.9999095193707727,0.9995026384716731,0.9991098041085167,0.9991098041085167,2.141275591599316e-13
154,-7.466782174380829,-0.37767400000001006,-29.183530813936898,0.9999093513038877,0.9999125018019402,0.9989277832152192,0.9989277832152192,2.141275591599316e-13
155,-7.447398484665459,-0.37767400000001006,-96.282915415362,0.9999320652164193,0.9999013637170668,0.9995726267449678,0.9995726267449678,2.141275591599316e-13
156,-7.447398484665459,-0.37767400000001006,-91.282915415362,0.999936433703028,0.9992563815953406,0.9995633704863268,0.9992563815953406,2.141275591599316e-13
157,-7.447398484665459,-0.37767400000001006,-86.282915415362,0.9999438042201864,0.9989273407649824,0.9995388098860793,0.9989273407649824,2.141275591599316e-13
158,-7.447398484665459,-0.37767400000001006,-81.282915415362,0.9999554230892918,0.9987837193600758,0.9995026165099594,0.9987837193600758,2.141275591599316e-13
159,-7.447398484665459,-0.37767400000001006,-76.282915415362,0.9999709875342426,0.9987102413052191,0.9994568502844344,0.9987102413052191,2.141275591599316e-13
160,-7.447398484665459,-0.37767400000001006,-71.282915415362,0.9999859706844827,0.9986719238842103,0.9994051675602486,0.9986719238842103,2.141275591599316e-13
161,-7.4473984846654515,-0.37767400000001006,-63.717084584638,0.999990344432602,0.9986560990517542,0.9993289844950338,0.9986560990517542,2.141275591599316e-13
162,-7.4473984846654515,-0.37767400000001006,-58.717084584638,0.9999787337344074,0.9986458159857547,0.9992694778497723,0.9986458159857547,2.141275591599316e-13
163,-7.4473984846654515,-0.37767400000001006,-53.717084584638,0.9999634419516189,0.9986384225821514,0.9992168824776063,0.9986384225821514,2.141275591599316e-13
164,-7.4473984846654515,-0.37767400000001006,-48.717084584638,0.9999500442948197,0.9986374103357463,0.9991683625696033,0.9986374103357463,2.141275591599316e-13
165,-7.4473984846654515,-0.37767400000001006,-43.717084584638,0.9999402275900442,0.9986457676915796,0.9991279258709692,0.9986457676915796,2.141275591599316e-13
166,-7.4473984846654515,-0.37767400000001006,-38.717084584638,0.9999331794477185,0.998676313349323,0.999097562801881,0.998676313349323,2.141275591599316e-13
167,-6.69,-1.113674,-135.0,0.9999017435816964,0.9998986441210844,0.9995246175285466,0.9995246175285466,2.141275591599316e-13
168,-6.69,-1.113674,-127.83,0.9999012082071358,0.9994691348541711,0.9995430482890162,0.9994691348541711,2.141275591599316e-13
169,-6.69,-1.1136740000000003,-120.33,0.9999014575335312,0.9994990637296667,0.9995261162219511,0.9994990637296667,2.141275591599316e-13
170,-6.69,-1.113674,-11.95,0.9999082297656844,0.9981851582671691,0.9989917977382966,0.9981851582671691,2.141275591599316e-13
171,-6.69,-1.113674,-7.17,0.9999087155718499,0.9982145568622911,0.9989658584372607,0.9982145568622911,2.141275591599316e-13
172,-6.69,-1.113674,0.0,0.9999096159392816,0.9999146866434896,0.9989205282462089,0.9989205282462089,2.141275591599316e-13
173,-6.69,-0.3776740000000001,-135.0,0.9999017282644054,0.9998977353474312,0.9995428290174206,0.9995428290174206,2.141275591599316e-13
174,-6.69,-0.37767400000001,-129.53347158218125,0.9999013323159401,0.9994598008175646,0.9995410995015463,0.9994598008175646,2.141275591599316e-13
175,-6.69,-0.377674,-123.05000000000001,0.9999014409845197,0.9994842456965173,0.9995349470637408,0.9994842456965173,2.141275591599316e-13
176,-6.69,-0.37767400000001006,-114.81596606646588,0.9999020417461295,0.9995767327578229,0.9995257359008701,0.9995257359008701,2.141275591599316e-13
177,-6.69,-0.37767400000001006,-108.108558,0.9999020941852438,0.999902767194357,0.9995123799136443,0.9995123799136443,2.141275591599316e-13
178,-6.69,-0.37767400000001006,-100.52143626811278,0.9999232001619335,0.9996273092249589,0.9994945889821745,0.9994945889821745,2.141275591599316e-13
179,-6.69,-0.37767400000001006,-93.76971700000001,0.9999338420728849,0.9995516654386478,0.9994731338946233,0.9994731338946233,2.141275591599316e-13
180,-6.69,-0.37767400000001006,-85.56478945530056,0.9999462405577685,0.9988570781117992,0.9994373969634117,0.9988570781117992,2.141275591599316e-13
181,-6.69,-0.37767400000001006,-78.754407,0.9999629567757778,0.9986947827763117,0.9993984532065106,0.9986947827763117,2.141275591599316e-13
182,-6.69,-0.37767400000001006,-72.00104137542344,0.9999842591466667,0.9986284396607884,0.9993542219695043,0.9986284396607884,2.141275591599316e-13
183,-6.69,-0.37767400000001006,-61.24559299999999,0.9999851164586339,0.9986010038953831,0.9992784558259029,0.9986010038953831,2.141275591599316e-13
184,-6.69,-0.37767400000001006,-56.245593,0.9999708232565171,0.9985906054274236,0.9992433565535478,0.9985906054274236,2.141275591599316e-13
185,-6.69,-0.37767400000001006,-51.245593,0.9999560248764461,0.9985847407176324,0.9992095362702308,0.9985847407176324,2.141275591599316e-13
186,-6.69,-0.37767400000001006,-46.245593,0.9999444010565348,0.9985853893936892,0.9991779262583987,0.9985853893936892,2.141275591599316e-13
187,-6.69,-0.37767400000001006,-39.435210544699444,0.999932342659539,0.9986136951566116,0.9991394487030075,0.9986136951566116,2.141275591599316e-13
188,-6.69,-0.37767400000001006,-29.183530813936898,0.999909336803921,0.9999123554766322,0.9990906310294019,0.9990906310294019,2.141275591599316e-13
189,-6.69,-0.37767400000001006,-22.599192000000002,0.9999063181914286,0.9982927067852803,0.9990785091983768,0.9982927067852803,2.141275591599316e-13
190,-6.69,-0.37767400000001006,-17.273026639708842,0.9999076868737921,0.9981825311763445,0.9990689176540045,0.9981825311763445,2.141275591599316e-13
191,-6.69,-0.37767400000001,-11.95,0.9999082331840131,0.9981845736296026,0.9990591483743473,0.9981845736296026,2.141275591599316e-13
192,-6.69,-0.37767400000001,-5.466528417818731,0.9999091549959307,0.998229771888788,0.9990503613065151,0.998229771888788,2.141275591599316e-13
193,-6.69,-0.37767400000001,0.0,0.9999096030450569,0.9999128068766707,0.9990489525745491,0.9990489525745491,2.141275591599316e-13
194,-4.94,-1.113674,-135.0,0.9999017435266547,0.999900022962781,0.9994689639243471,0.9994689639243471,2.141275591599316e-13
195,-4.94,-1.113674,-123.05000000000001,0.9999012812034825,0.9994496262842034,0.9994855198805223,0.9994496262842034,2.141275591599316e-13
196,-4.94,-1.113674,-11.95,0.9999082469874383,0.9982686294820577,0.9990143241178026,0.9982686294820577,2.141275591599316e-13
197,-4.94,-1.113674,0.0,0.9999096125386576,0.9999112508783321,0.998937102848261,0.998937102848261,2.141275591599316e-13
198,-4.94,-0.3776740000000001,-135.0,0.9999017393204241,0.9999001597467104,0.99951813444421,0.99951813444421,2.141275591599316e-13
199,-4.94,-0.37767400000001,-128.46268305171532,0.9999013004858996,0.999440244615576,0.999516400668057,0.999440244615576,2.141275591599316e-13
200,-4.94,-0.37767400000001006,-120.33,0.9999016755798764,0.9994655087207359,0.9995067525276348,0.9994655087207359,2.141275591599316e-13
201,-4.94,-0.37767400000001006,-112.93029271677838,0.9999027284252758,0.9996548516184306,0.9994978667183712,0.9994978667183712,2.141275591599316e-13
202,-4.94,-0.37767400000001006,-104.13765460562611,0.9999054535796496,0.9990631551572356,0.9994779025000755,0.9990631551572356,2.141275591599316e-13
203,-4.94,-0.37767400000001006,-96.282915415362,0.9999321792155699,0.9999060961401668,0.9994541799359117,0.9994541799359117,2.141275591599316e-13
204,-4.94,-0.37767400000001006,-88.75440700000001,0.9999396832644095,0.9989492116593237,0.9994245125045268,0.9989492116593237,2.141275591599316e-13
205,-4.94,-0.37767400000001006,-81.282915415362,0.9999554298254042,0.9986474894728369,0.9993872685422999,0.9986474894728369,2.141275591599316e-13
206,-4.94,-0.37767400000001006,-74.44471777071274,0.9999763189346411,0.9985532148855414,0.9993491219637995,0.9985532148855414,2.141275591599316e-13
207,-4.94,-0.37767400000001006,-67.4614915,0.9999919161174552,0.9985145609537143,0.9993074764835777,0.9985145609537143,2.141275591599316e-13
208,-4.94,-0.37767400000001006,-60.55528222928728,0.9999845047529161,0.998499085966682,0.999266362600468,0.998499085966682,2.141275591599316e-13
209,-4.94,-0.37767400000001006,-53.717084584638,0.9999633126314338,0.9984835400358021,0.9992274444795145,0.9984835400358021,2.141275591599316e-13
210,-4.94,-0.37767400000001006,-46.245593,0.9999444538063845,0.9984766150229334,0.9991889946285738,0.9984766150229334,2.141275591599316e-13
211,-4.94,-0.37767400000001006,-38.717084584637995,0.9999329744830543,0.9984998233026193,0.9991567716742394,0.9984998233026193,2.141275591599316e-13
212,-4.94,-0.37767400000001006,-33.76119825980674,0.9999213554250317,0.9986368158705997,0.9991392789487367,0.9986368158705997,2.141275591599316e-13
213,-4.94,-0.37767400000001006,-27.49820582820343,0.9999093323806396,0.9985345869242603,0.9991221512406867,0.9985345869242603,2.141275591599316e-13
214,-4.94,-0.37767400000001006,-22.06970728322193,0.9999052280634606,0.998306774684398,0.9991115074011111,0.998306774684398,2.141275591599316e-13
215,-4.94,-0.37767400000001006,-16.59211533634704,0.9999077426414706,0.9982641186310629,0.9991042655259796,0.9982641186310629,2.141275591599316e-13
216,-4.94,-0.37767400000001,-7.17,0.9999087993366051,0.9983115073753585,0.9990940470140339,0.9983115073753585,2.141275591599316e-13
217,-4.94,-0.3776740000000001,0.0,0.9999096115188139,0.9999118582120506,0.9990912824982842,0.9990912824982842,2.141275591599316e-13
218,-4.158246575342493,-0.37767400000001006,-123.05000000000001,0.9999014422630338,0.9994406798540051,0.9995374051372518,0.9994406798540051,2.141275591599316e-13
219,-4.158246575342464,-0.37767400000001,-11.95,0.999908191572091,0.9983568834011637,0.9990986402836923,0.9983568834011637,2.141275591599316e-13
220,-3.994254470250221,-4.369780326643712,-105.816469186063,0.9999024105288863,0.9986418975435746,0.9999925977356383,0.9986418975435746,2.141275591599316e-13
221,-3.9129752756906697,-0.37767400000001006,-98.7620226354387,0.9999283027465484,0.9999715214440181,0.9995638716849248,0.9995638716849248,2.141275591599316e-13
222,-3.912975275690793,-0.37767400000001,-36.23797736456137,0.9999280969673379,0.9984808545408789,0.9990921249582948,0.9984808545408789,2.141275591599316e-13
223,-3.9059999999999975,-17.0929139586129,-105.816469186063,0.9999029841962285,0.9999979980899915,0.9999985068501572,0.9999029841962285,2.141275591599316e-13
224,-3.906,-17.0929139586129,-29.183530813936898,0.9999064901488298,0.9999979228416186,0.9999870299472194,0.9999064901488298,2.141275591599316e-13
225,-3.906,-12.819685458612907,-105.816469186063,0.9999024615200064,0.9985802176213107,0.9999710400470246,0.9985802176213107,2.141275591599316e-13
226,-3.906,-12.819685458612907,-29.183530813936898,0.9999087967909362,,0.999976713594003,0.9999087967909362,2.141275591599316e-13
227,-3.9059999999999975,-9.768204465699526,-110.13105280959199,0.9999001130279341,0.9999975869767089,0.9999966227581812,0.9999001130279341,2.141275591599316e-13
228,-3.9059999999999975,-9.768204465699528,-24.868947190408,0.9999081029972096,0.999997504079523,0.9999980144724899,0.9999081029972096,2.141275591599316e-13
229,-3.906000000000004,-9.3105242882562,-101.23229133489698,0.9999429345897316,0.9996513113541002,0.9995489233929998,0.9995489233929998,2.141275591599316e-13
230,-3.905999999999999,-9.310524288256198,-33.7677086651033,0.9999357747334553,0.9997803997462109,0.9997561944580674,0.9997561944580674,2.141275591599316e-13
231,-3.906,-8.09209277502036,-96.28291558463799,0.9999413778616567,0.9999143451997912,0.999002173717218,0.999002173717218,2.141275591599316e-13
232,-3.9059999999999993,-8.09209277502036,-91.282915584638,0.9999451840575648,0.9991006133624273,0.9991985434404167,0.9991006133624273,2.141275591599316e-13
233,-3.906,-8.09209277502036,-86.282915584638,0.9999523825202568,0.9987083506002727,0.9991228613508581,0.9987083506002727,2.141275591599316e-13
234,-3.9059999999999993,-8.09209277502036,-81.282915584638,0.9999633351883469,0.9985580077335069,0.9991746574092548,0.9985580077335069,2.141275591599316e-13
235,-3.906,-8.09209277502036,-76.282915584638,0.9999776128813319,0.9984862303891544,0.9991952211453137,0.9984862303891544,2.141275591599316e-13
236,-3.906,-8.09209277502036,-71.282915584638,0.9999909445518387,0.9984451730338804,0.9992648873035705,0.9984451730338804,2.141275591599316e-13
237,-3.9060000000000024,-8.09209277502036,-63.717084584638,0.9999877498482834,0.9984234844482531,0.9993471521654345,0.9984234844482531,2.141275591599316e-13
238,-3.905999999999998,-8.09209277502037,-58.717084584638,0.9999705014586475,0.9984149964006773,0.9994277268170092,0.9984149964006773,2.141275591599316e-13
239,-3.9060000000000024,-8.09209277502036,-53.717084584638,0.999954142747654,0.9984066037247296,0.9994862957888218,0.9984066037247296,2.141275591599316e-13
240,-3.9059999999999993,-8.09209277502037,-48.717084584637995,0.9999431010048722,0.9984065779739648,0.9995290214498931,0.9984065779739648,2.141275591599316e-13
241,-3.9059999999999797,-8.09209277502037,-43.717084584638016,0.9999368022296935,0.9984291232122613,0.999586633416731,0.9984291232122613,2.141275591599316e-13
242,-3.906,-8.09209277502037,-38.717084584638,0.9999343532579712,0.9993288661534726,0.9995504257655994,0.9993288661534726,2.141275591599316e-13
243,-3.906000000000008,-6.047804680468493,-113.63276023989701,0.9998999728904244,0.9996388525019274,0.9998742856522138,0.9996388525019274,2.141275591599316e-13
244,-3.905999999999998,-6.047804680468505,-21.367239760103406,0.999908892454077,0.9984884609666431,0.9995119093867223,0.9984884609666431,2.141275591599316e-13
245,-3.9059999999999953,-4.655262144128083,-101.23229133489698,0.9999387677882877,0.9996460824767184,0.9995684561723766,0.9995684561723766,2.141275591599316e-13
246,-3.9059999999999953,-4.655262144128094,-33.76770866510331,0.9999332480834145,0.9985233448875532,0.9991416057628308,0.9985233448875532,2.141275591599316e-13
247,-3.906,-4.273228479306448,-29.183530813936898,0.999909147960514,,0.9999976690311762,0.999909147960514,2.141275591599316e-13
248,-3.906,-4.046046387510177,-96.282915415362,0.9999357851477256,0.9999316859588085,0.9984638480529667,0.9984638480529667,2.141275591599316e-13
249,-3.906,-4.046046387510177,-91.282915415362,0.9999401323567355,0.9991641368913992,0.9987996989544635,0.9987996989544635,2.141275591599316e-13
250,-3.906,-4.046046387510177,-86.282915415362,0.9999476092575584,0.9987730093213311,0.998760095980874,0.998760095980874,2.141275591599316e-13
251,-3.906,-4.046046387510177,-81.282915415362,0.9999591754734014,0.9986147188630443,0.9987878056233204,0.9986147188630443,2.141275591599316e-13
252,-3.906,-4.046046387510177,-76.282915415362,0.999974515925051,0.9985345513883391,0.998792549503378,0.9985345513883391,2.141275591599316e-13
253,-3.906,-4.046046387510177,-71.282915415362,0.9999893027962312,0.9984908672993716,0.998823817570699,0.9984908672993716,2.141275591599316e-13
254,-3.9059999999999975,-4.04604638751018,-63.717084584638,0.9999908047163869,0.9984650044004135,0.9988538821359214,0.9984650044004135,2.141275591599316e-13
255,-3.9059999999999975,-4.04604638751018,-58.71708458463801,0.9999762868254074,0.9984493017526929,0.9988914807134721,0.9984493017526929,2.141275591599316e-13
256,-3.9059999999999975,-4.04604638751018,-53.717084584638,0.9999598541392821,0.9984370169904483,0.9989175431094006,0.9984370169904483,2.141275591599316e-13
257,-3.9059999999999975,-4.04604638751018,-48.717084584638016,0.9999470887776637,0.998430090259313,0.9989272547297109,0.998430090259313,2.141275591599316e-13
258,-3.9059999999999975,-4.04604638751018,-43.717084584638,0.9999386376744336,0.9984274382122781,0.998952649137987,0.9984274382122781,2.141275591599316e-13
259,-3.9059999999999975,-4.04604638751018,-38.71708458463801,0.9999334430636031,0.998447578809981,0.9989157015748746,0.998447578809981,2.141275591599316e-13
260,-3.906,-2.226,-130.21999999999997,0.9999006461054203,0.9994312107815797,0.9992411364499054,0.9992411364499054,2.141275591599316e-13
261,-3.9060000000000006,-2.226,-125.44,0.9999005141718001,0.9994377133351507,0.999240758015169,0.999240758015169,2.141275591599316e-13
262,-3.906000000000001,-2.226000000000005,-120.33,0.999900203368716,0.9994544999874321,0.9994560893035037,0.9994544999874321,2.141275591599316e-13
263,-3.905999999999998,-2.2260000000000058,-14.670000000000002,0.9999096947909788,0.9983892812478243,0.9990231876069986,0.9983892812478243,2.141275591599316e-13
264,-3.906,-2.226,-7.17,0.9999091465770387,0.998394218618482,0.9989851322288946,0.998394218618482,2.141275591599316e-13
265,-3.906,-2.226,0.0,,,0.9986560329421166,0.9986560329421166,2.141275591599316e-13
266,-3.906,-1.113674,-135.0,0.9999017435549336,,0.9994544876013839,0.9994544876013839,2.141275591599316e-13
267,-3.9060000000000006,-1.113674,-125.44,0.9999012370932117,0.9994377701344986,0.9994565470106826,0.9994377701344986,2.141275591599316e-13
268,-3.9060000000000006,-1.1136740000000003,-120.33,0.999901457493244,0.9994551998667343,0.9994773384165698,0.9994551998667343,2.141275591599316e-13
269,-3.906,-1.113674,-14.67,0.9999078611890417,0.9983893480936964,0.9990958454553726,0.9983893480936964,2.141275591599316e-13
270,-3.906,-1.113674,-9.56,0.9999084661779417,0.9983915337933637,0.9989816398028893,0.9983915337933637,2.141275591599316e-13
271,-3.906,-1.113674,0.0,0.9999096104061111,,0.9989574828521108,0.9989574828521108,2.141275591599316e-13
272,-3.906000000000009,-0.37767400000001,-132.61,0.999901470594389,0.9994284923683183,0.9995449721632178,0.9994284923683183,2.141275591599316e-13
273,-3.906000000000015,-0.37767400000001006,-118.8102059708965,0.9999018951059179,0.9994732982052056,0.9995346298510493,0.9994732982052056,2.141275591599316e-13
274,-3.90599999999999,-0.37767400000001006,-108.10855811164652,0.9999021166966944,0.999868483951835,0.9995269781644354,0.9995269781644354,2.141275591599316e-13
275,-3.9060000000000112,-0.37767400000001,-93.782915415362,0.999934031238856,0.9995191485877709,0.9995524814510601,0.9995191485877709,2.141275591599316e-13
276,-3.906,-0.37767400000001,-88.78291541536201,0.9999397802161163,0.9989151487492823,0.9995261754633201,0.9989151487492823,2.141275591599316e-13
277,-3.906000000000003,-0.37767400000001,-83.782915415362,0.9999491468241734,0.9986668052273349,0.9994923472442077,0.9986668052273349,2.141275591599316e-13
278,-3.905999999999997,-0.37767400000001,-78.782915415362,0.9999629297794619,0.9985595598351059,0.9994490371979782,0.9985595598351059,2.141275591599316e-13
279,-3.906000000000003,-0.37767400000001,-73.782915415362,0.9999789854093564,0.998503399647051,0.9993984906985531,0.998503399647051,2.141275591599316e-13
280,-3.905999999999997,-0.37767400000001,-67.5,0.9999920600583444,0.9984681743119986,0.9993421171893241,0.9984681743119986,2.141275591599316e-13
281,-3.906000000000003,-0.37767400000001,-61.217084584637995,0.9999853789318599,0.998452844618249,0.9992698280719369,0.998452844618249,2.141275591599316e-13
282,-3.905999999999997,-0.37767400000001,-56.21708458463801,0.9999709987489188,0.9984395280165482,0.9992185342546741,0.9984395280165482,2.141275591599316e-13
283,-3.906000000000003,-0.37767400000001,-51.217084584637995,0.9999561449306046,0.9984296664873185,0.9991732195926726,0.9984296664873185,2.141275591599316e-13
284,-3.906000000000002,-0.37767400000001,-46.21708458463801,0.9999444415704452,0.9984248076087612,0.9991348349871944,0.9984248076087612,2.141275591599316e-13
285,-3.906,-0.37767400000001,-41.217084584638,0.9999360009162899,0.9984268073503283,0.9991055110483047,0.9984268073503283,2.141275591599316e-13
286,-3.9059999999999917,-0.37767400000001,-26.8914418883537,0.999907153322566,0.9985940721410607,0.9990706668489865,0.9985940721410607,2.141275591599316e-13
287,-3.90600000000001,-0.37767400000001,-16.18979402910355,0.999907362455186,0.9983907683946088,0.9991001889506744,0.9983907683946088,2.141275591599316e-13
288,-3.905999999999987,-0.37767400000001,-2.39,0.9999092796224204,0.9983992377058332,0.9991023896297373,0.9983992377058332,2.141275591599316e-13
289,-3.6537534246575065,-0.37767400000001006,-123.05000000000001,0.9999014396301521,0.9994373434770663,0.9995352742384433,0.9994373434770663,2.141275591599316e-13
290,-3.65375342465752,-0.37767400000001,-11.95,0.9999081895470867,0.9984253978500574,0.9990977343322911,0.9984253978500574,2.141275591599316e-13
291,-2.872,-1.113674,-135.0,0.9999017438773536,0.9999007064536015,0.9994575335586808,0.9994575335586808,2.141275591599316e-13
292,-2.872,-1.113674,-127.83,0.9999012088433024,0.9994331614718841,0.9994865772852639,0.9994331614718841,2.141275591599316e-13
293,-2.872,-1.1136740000000003,-120.33,0.9999014575340214,0.9994533538876608,0.9994772220181545,0.9994533538876608,2.141275591599316e-13
294,-2.872,-1.113674,-14.67,0.9999078614738943,0.9985543305378765,0.9991108867426133,0.9985543305378765,2.141275591599316e-13
295,-2.872,-1.113674,-4.78,0.9999089278333453,0.9984515707999917,0.9990023753300529,0.9984515707999917,2.141275591599316e-13
296,-2.872,-0.3776740000000001,-135.0,0.9999017492513522,0.9999008587970066,0.9995061432373175,0.9995061432373175,2.141275591599316e-13
297,-2.872,-0.3776740000000001,-127.83,0.9999012925154327,0.9994331478154818,0.9995040024758332,0.9994331478154818,2.141275591599316e-13
298,-2.872,-0.37767400000001006,-120.33,0.9999016747648056,0.9994533903608259,0.9994943688390072,0.9994533903608259,2.141275591599316e-13
299,-2.872,-0.37767400000001006,-114.40096931428103,0.9999022370706172,0.9995810849539487,0.999487354577126,0.999487354577126,2.141275591599316e-13
300,-2.872,-0.37767400000001006,-105.816469186063,0.9999024691745091,0.9992935114497246,0.9994691593702473,0.9992935114497246,2.141275591599316e-13
301,-2.872,-0.37767400000001006,-96.282915415362,0.9999322633222022,0.9998935280010116,0.9994411144991994,0.9994411144991994,2.141275591599316e-13
302,-2.872,-0.37767400000001006,-91.282915415362,0.9999366193215717,0.9991359916227843,0.9994222776661174,0.9991359916227843,2.141275591599316e-13
303,-2.872,-0.37767400000001006,-86.282915415362,0.9999439133059753,0.9987345978093477,0.9994002915788355,0.9987345978093477,2.141275591599316e-13
304,-2.872,-0.37767400000001006,-79.44471777071274,0.9999609017499791,0.9985383660347878,0.9993661493550182,0.9985383660347878,2.141275591599316e-13
305,-2.872,-0.37767400000001006,-73.754407,0.9999790335605006,0.9984701514309505,0.9993345505389881,0.9984701514309505,2.141275591599316e-13
306,-2.872,-0.37767400000001006,-67.4614915,0.9999922030713552,0.99843402816625,0.9992984275685187,0.99843402816625,2.141275591599316e-13
307,-2.872,-0.37767400000001006,-61.24559299999999,0.9999856287913345,0.9984163286712452,0.9992632499112492,0.9984163286712452,2.141275591599316e-13
308,-2.872,-0.37767400000001006,-55.55528222928725,0.9999697474145934,0.9984003395052242,0.999232676960996,0.9984003395052242,2.141275591599316e-13
309,-2.872,-0.37767400000001006,-48.717084584638,0.999949757276102,0.998388188608573,0.9991997579145092,0.998388188608573,2.141275591599316e-13
310,-2.872,-0.37767400000001006,-41.878886939988746,0.9999347342681054,0.9983840130857756,0.9991718136434615,0.9983840130857756,2.141275591599316e-13
311,-2.872,-0.37767400000001006,-35.57609663685105,0.9999304003761634,0.9984349535064092,0.9991516165246817,0.9984349535064092,2.141275591599316e-13
312,-2.872,-0.37767400000001006,-24.5993529627705,0.9999060998700978,0.9987992881573993,0.9991297712810304,0.9987992881573993,2.141275591599316e-13
313,-2.872,-0.37767400000001006,-17.7095880582071,0.9999071998397628,0.9985582889867107,0.9991231107090599,0.9985582889867107,2.141275591599316e-13
314,-2.872,-0.37767400000001,-12.791362007168463,0.9999074325528048,0.9985509977076358,0.9991196473746569,0.9985509977076358,2.141275591599316e-13
315,-2.872,-0.37767400000001,-7.802683051715303,0.9999083223046557,0.9985071733698011,0.9991170666577341,0.9985071733698011,2.141275591599316e-13
316,-2.872,-0.3776740000000001,0.0,0.9999096207440886,0.99984933272358,0.9991158787338016,0.9991158787338016,2.141275591599316e-13
317,-1.122,-1.113674,-135.0,0.9999017441528188,0.9998986753663445,0.9995003829799004,0.9995003829799004,2.141275591599316e-13
318,-1.1219999999999999,-1.113674,-130.21999999999997,0.9999012792636054,0.9994411563156773,0.9994965427894215,0.9994411563156773,2.141275591599316e-13
319,-1.122,-1.113674,-125.44,0.9999012379393325,0.9994441159660733,0.9994932827433469,0.9994441159660733,2.141275591599316e-13
320,-1.1220000000000003,-1.1136740000000003,-120.33,0.9999014574206063,0.9994664278902814,0.9995023158579562,0.9994664278902814,2.141275591599316e-13
321,-1.122,-1.113674,-14.67,0.9999078619686939,0.9988694480404052,0.9991545755846335,0.9988694480404052,2.141275591599316e-13
322,-1.122,-1.113674,-9.56,0.999908487159527,0.9988033864757286,0.9991452137677083,0.9988033864757286,2.141275591599316e-13
323,-1.122,-1.113674,-2.39,0.999909211690279,0.998428394475726,0.9990928603929586,0.998428394475726,2.141275591599316e-13
324,-1.122,-0.3776740000000001,-135.0,0.9999017570445935,0.9998977745057259,0.9995159123866743,0.9995159123866743,2.141275591599316e-13
325,-1.1220000000000003,-0.37767400000001,-126.12652841781875,0.9999014540835248,0.9994469146975334,0.9995092872627173,0.9994469146975334,2.141275591599316e-13
326,-1.1220000000000003,-0.37767400000001006,-119.89343858150177,0.9999016145003125,0.9994716438085156,0.999498405083965,0.9994716438085156,2.141275591599316e-13
327,-1.1220000000000003,-0.37767400000001006,-113.82642225912853,0.999901611331186,0.9996021427705967,0.9994867001439961,0.9994867001439961,2.141275591599316e-13
328,-1.1220000000000003,-0.37767400000001006,-105.15806576197079,0.9999003365811344,0.9996010643542624,0.9994533453328178,0.9994533453328178,2.141275591599316e-13
329,-1.1220000000000003,-0.37767400000001006,-98.744405,0.9999308019929972,0.9999695662881208,0.9994455099262666,0.9994455099262666,2.141275591599316e-13
330,-1.1220000000000003,-0.37767400000001006,-93.76971700000001,0.9999341395557317,0.9995006127460477,0.999432151079283,0.999432151079283,2.141275591599316e-13
331,-1.1220000000000003,-0.37767400000001006,-88.75440700000001,0.9999398650032145,0.9988541459519856,0.9994126026788712,0.9988541459519856,2.141275591599316e-13
332,-1.1220000000000003,-0.37767400000001006,-83.754407,0.9999491713340107,0.9986088774695169,0.9993881068568831,0.9986088774695169,2.141275591599316e-13
333,-1.1220000000000003,-0.37767400000001006,-77.00104137542344,0.9999668186046429,0.9984713454294536,0.9993491255585316,0.9984713454294536,2.141275591599316e-13
334,-1.1220000000000003,-0.37767400000001006,-72.00104137542344,0.9999820988392149,0.9984227592329611,0.9993172751659193,0.9984227592329611,2.141275591599316e-13
335,-1.1220000000000003,-0.37767400000001006,-61.24559299999999,0.9999856733009643,0.998378040997661,0.9992487458984888,0.998378040997661,2.141275591599316e-13
336,-1.1220000000000003,-0.37767400000001006,-56.245593,0.99997122854253,0.9983631699695399,0.9992194258072983,0.9983631699695399,2.141275591599316e-13
337,-1.1220000000000003,-0.37767400000001006,-51.245593,0.999956282349828,0.9983534000270944,0.9991932582660419,0.9983534000270944,2.141275591599316e-13
338,-1.1220000000000003,-0.37767400000001006,-46.245593,0.9999444688839417,0.9983481215624521,0.9991712157487517,0.9983481215624521,2.141275591599316e-13
339,-1.1220000000000003,-0.37767400000001006,-41.230283,0.9999359429028162,0.9983495939687861,0.9991539733164018,0.9983495939687861,2.141275591599316e-13
340,-1.1220000000000003,-0.37767400000001006,-31.49767250000001,0.9999128699362688,0.998800741531631,0.9991364871339644,0.998800741531631,2.141275591599316e-13
341,-1.1220000000000003,-0.37767400000001006,-22.599191999999995,0.9999062142649565,0.9989897122457205,0.999133995510374,0.9989897122457205,2.141275591599316e-13
342,-1.1220000000000003,-0.37767400000001006,-17.273026639708853,0.9999065203837282,0.9988409210186084,0.9991395104204802,0.9988409210186084,2.141275591599316e-13
343,-1.122,-0.37767400000001,-11.95,0.9999081588347524,0.99884945799434,0.999151042105415,0.99884945799434,2.141275591599316e-13
344,-1.1220000000000003,-0.37767400000001,-5.466528417818748,0.999909028895941,0.9987219769246304,0.9991646191885813,0.9987219769246304,2.141275591599316e-13
345,-1.122,-0.37767400000001,0.0,0.9999096279463333,0.9998575263056352,0.9991669281243003,0.9991669281243003,2.141275591599316e-13
346,-0.36460151533454066,-0.37767400000001006,-96.282915415362,0.999932401999703,0.9998775890297951,0.9995696892109843,0.9995696892109843,2.141275591599316e-13
347,-0.36460151533454066,-0.37767400000001006,-91.282915415362,0.9999367190867028,0.9990976475296177,0.9995411990246075,0.9990976475296177,2.141275591599316e-13
348,-0.36460151533454066,-0.37767400000001006,-86.282915415362,0.9999439706411393,0.9987052307867537,0.9995075841281039,0.9987052307867537,2.141275591599316e-13
349,-0.36460151533454066,-0.37767400000001006,-81.282915415362,0.9999554406281581,0.998541255344309,0.9994629622372704,0.998541255344309,2.141275591599316e-13
350,-0.3646015153345409,-0.3776740000000104,-76.282915415362,0.99997086418435,0.9984584690688224,0.9994100846666527,0.9984584690688224,2.141275591599316e-13
351,-0.3646015153345409,-0.3776740000000104,-71.282915415362,0.999985814043435,0.9984128387572436,0.9993524835557175,0.9984128387572436,2.141275591599316e-13
352,-0.36460151533454876,-0.37767400000001006,-63.717084584638,0.9999900889355112,0.9983806753614499,0.9992722300270389,0.9983806753614499,2.141275591599316e-13
353,-0.36460151533454876,-0.37767400000001006,-58.717084584638,0.9999784649624173,0.9983638448355431,0.9992142478336862,0.9983638448355431,2.141275591599316e-13
354,-0.36460151533454965,-0.37767400000001006,-53.717084584638,0.9999630755828746,0.9983523003150303,0.9991644205069311,0.9983523003150303,2.141275591599316e-13
355,-0.36460151533454965,-0.37767400000001006,-48.717084584638016,0.999949605528591,0.9983461080523535,0.9991224657218403,0.9983461080523535,2.141275591599316e-13
356,-0.36460151533454965,-0.37767400000001006,-43.717084584638,0.9999397819964322,0.9983460294201909,0.9990901205425763,0.9983460294201909,2.141275591599316e-13
357,-0.36460151533454965,-0.37767400000001006,-38.717084584638,0.9999326164522908,0.9983595552855621,0.9990665366063014,0.9983595552855621,2.141275591599316e-13
358,-0.34521782561916925,-0.3776740000000098,-105.816469186063,0.999902366112845,0.9996853620989006,0.999363790283158,0.999363790283158,2.141275591599316e-13
359,-0.34521782561916925,-0.3776740000000098,-29.183530813936898,0.9999092109433536,0.9999031419774148,0.9991527199855028,0.9991527199855028,2.141275591599316e-13
360,-4.440892098500626e-15,-17.092913958612904,-105.816469186063,,,,,2.141275591599316e-13
361,-4.440892098500626e-15,-17.092913958612904,-29.183530813936898,,,0.9998636119079168,0.9998636119079168,2.141275591599316e-13
362,5.773159728050813e-15,-15.492978896205498,-104.874035410956,0.9999935578240868,0.9991509265004448,0.9987983496095933,0.9987983496095933,2.141275591599316e-13
363,6.5503158452884236e-15,-15.492978896205498,-30.125964589044507,0.9999855024097657,0.9993764009195899,0.9999299924985079,0.9993764009195899,2.141275591599316e-13
364,0.0,-14.411382704136601,-107.39601180788802,0.999989139196281,0.9995962661715937,0.9995124937882195,0.9995124937882195,2.141275591599316e-13
365,0.0,-14.411382704136601,-27.6039881921117,0.9999908141029358,0.9993839850804804,0.9999743513815572,0.9993839850804804,2.141275591599316e-13
366,0.0,-13.4727764561304,-103.684045231469,0.9999418866879829,0.9985843904167251,0.9985150072517747,0.9985150072517747,2.141275591599316e-13
367,0.0,-13.472776456130378,-31.315954768531373,0.9999802832451292,0.9989430020819148,0.999991075487463,0.9989430020819148,2.141275591599316e-13
368,3.1086244689504383e-15,-11.878890892058394,-102.745174883207,0.9999160461881421,0.9986312381703162,0.9986544684140897,0.9986312381703162,2.141275591599316e-13
369,0.0,-11.878890892058498,-26.112236511081203,0.9999608066372542,0.999198015145745,0.9999708545280848,0.999198015145745,2.141275591599316e-13
370,0.0,-11.665732454056494,-109.01332340453145,0.9999255129213482,0.9997462352095398,0.9997285796270396,0.9997285796270396,2.141275591599316e-13
371,0.0,-11.665732454056775,-32.38038503240548,0.9999643022526263,0.9986906807016062,0.9999689942388367,0.9986906807016062,2.141275591599316e-13
372,0.0,-10.071846889984645,-109.95219375279255,0.9999115779066943,0.9998067300362402,0.9998059578226741,0.9998059578226741,2.141275591599316e-13
373,8.881784197001252e-15,-10.0718468899849,-101.68074461933298,0.9999284060460323,0.9989438671000505,0.9988883045160796,0.9988883045160796,2.141275591599316e-13
374,0.0,-10.071846889984874,-33.31925538066669,0.9999414229614179,0.9985868370828669,0.9998477204930093,0.9985868370828669,2.141275591599316e-13
375,0.0,-10.0718468899849,-25.047806247207202,0.9999429636142121,0.9992197181966394,0.999852921610953,0.9992197181966394,2.141275591599316e-13
376,-7.771561172376095e-16,-9.310524288256191,-110.40064703722899,0.999905525331031,0.9998131818066393,0.9998149584863654,0.9998131818066393,2.141275591599316e-13
377,0.0,-9.310524288256179,-24.5993529627705,0.9999267348222007,0.9992205813239828,0.9997820969711316,0.9992205813239828,2.141275591599316e-13
378,6.550315845288423e-15,-9.088897537958939,-100.33202399189898,0.9999443841561717,0.999343976223842,0.9990123138828387,0.9990123138828387,2.141275591599316e-13
379,0.0,-9.061407718357515,-34.7796420719627,0.9999361673424421,0.9984893460087337,0.9997202423579368,0.9984893460087337,2.141275591599316e-13
380,0.0,-8.546456958612909,-105.816469186063,0.9999011278847577,0.9998163868590898,0.9999908648237695,0.9998163868590898,2.141275591599316e-13
381,0.0,-8.546456958612909,-29.183530813936898,0.9999089565606715,0.9999062815086635,0.9999975550115576,0.9999062815086635,2.141275591599316e-13
382,0.0,-8.4917979363184,-23.78830678977009,0.9999138212972273,0.9991767901282957,0.9996928426110947,0.9991767901282957,2.141275591599316e-13
383,7.993605777301127e-15,-8.328744265502182,-97.24421457382029,0.9999452266979946,0.9999669411956613,0.9990852360295224,0.9990852360295224,2.141275591599316e-13
384,0.0,-8.09209277502036,-91.282915584638,0.9999466423157825,0.9991857416458445,0.9990951740255374,0.9990951740255374,2.141275591599316e-13
385,5.218048215738235e-15,-8.09209277502038,-85.63302458463801,0.9999543741983222,0.9987086225367325,0.9991012748019359,0.9987086225367325,2.141275591599316e-13
386,5.218048215738235e-15,-8.09209277502038,-77.153024584638,0.999975408343163,0.9984769584276868,0.9991573626796426,0.9984769584276868,2.141275591599316e-13
387,5.218048215738235e-15,-8.09209277502038,-71.853024584638,0.9999896582077797,0.998417528427838,0.9992156854895927,0.998417528427838,2.141275591599316e-13
388,0.0,-8.092092775020351,-66.55302458463801,0.9999934319578363,0.9983878163642147,0.9992915510157071,0.9983878163642147,2.141275591599316e-13
389,0.0,-8.092092775020355,-61.253024584638005,0.9999800073039066,0.9983717500033417,0.999368584564911,0.9983717500033417,2.141275591599316e-13
390,0.0,-8.092092775020358,-56.068024584638,0.9999615543510324,0.9983592147181501,0.9994396600514456,0.9983592147181501,2.141275591599316e-13
391,0.0,-8.092092775020362,-51.228024584638,0.9999481330530572,0.9983540817462683,0.9994955536957691,0.9983540817462683,2.141275591599316e-13
392,0.0,-8.092092775020365,-46.228024584638,0.999939952278876,0.9983552623125721,0.9995387685193047,0.9983552623125721,2.141275591599316e-13
393,0.0,-8.09209277502037,-38.717084584638,0.9999324800680784,0.9984018687753374,0.9995674549538839,0.9984018687753374,2.141275591599316e-13
394,0.0,-7.9224947009118205,-111.775656015703,0.9999007245079975,0.9997633976008934,0.9997912036322497,0.9997633976008934,2.141275591599316e-13
395,3.3306690738754696e-15,-7.809337948944436,-23.11224871532861,0.9999128402932003,0.9991332145737583,0.9996136775923057,0.9991332145737583,2.141275591599316e-13
396,0.0,-6.597407886379823,-113.08831266499183,0.9998995490520094,0.9996800167866042,0.9997375259333511,0.9996800167866042,2.141275591599316e-13
397,0.0,-6.59740788637999,-21.9116873350083,0.9999111677074807,0.9990751320740078,0.9994776811092649,0.9990751320740078,2.141275591599316e-13
398,0.0,-5.272321071848141,-114.400969314281,0.9998989600609969,0.9996011599294272,0.9996821913929764,0.9996011599294272,2.141275591599316e-13
399,0.0,-5.27232107184816,-20.5990306857192,0.9999098946555127,0.9990440279009688,0.9993487703172628,0.9990440279009688,2.141275591599316e-13
400,0.0,-4.526989503240041,-115.469377062222,0.9998992441484233,0.99956450995639,0.9996622098383059,0.99956450995639,2.141275591599316e-13
401,0.0,-4.296812357623591,-19.200671737354472,0.9999080025048998,0.9990072476500108,0.9992624467877774,0.9990072476500108,2.141275591599316e-13
402,0.0,-4.046046387510175,-67.5,0.999995016788966,0.9983959351507783,0.9993111522670813,0.9983959351507783,2.141275591599316e-13
403,3.9968028886505635e-15,-3.1173694198005193,-117.70109587745299,0.9998998181448788,0.9995240657193815,0.9996343230981217,0.9995240657193815,2.141275591599316e-13
404,3.1086244689504383e-15,-3.1173694198005286,-17.298904122547004,0.9999072957149078,0.9990023488952626,0.9991763942861296,0.9990023488952626,2.141275591599316e-13
405,0.0,-2.226,-135.0,,,0.9996041452506725,0.9996041452506725,2.141275591599316e-13
406,0.0,-2.226,-130.22,0.9999006176752929,0.9994484876257609,0.9996055870844058,0.9994484876257609,2.141275591599316e-13
407,0.0,-2.226,-125.44,0.9999005183965975,0.9994589177191033,0.9996094475940294,0.9994589177191033,2.141275591599316e-13
408,0.0,-2.226,-120.33,0.9999002071937717,0.9994840708562719,0.9996151378908354,0.9994840708562719,2.141275591599316e-13
409,0.0,-2.226,-14.67,0.999908503029994,0.9990632308338764,0.9991372490197638,0.9990632308338764,2.141275591599316e-13
410,0.0,-2.226,-9.56,0.9999087346154696,0.9990059772041854,0.9991237140762871,0.9990059772041854,2.141275591599316e-13
411,0.0,-2.226,-4.78,0.999908587399642,0.9989116252727808,0.9991163522108767,0.9989116252727808,2.141275591599316e-13
412,0.0,-2.226,0.0,,,0.9991125663922907,0.9991125663922907,2.141275591599316e-13
413,0.0,-1.1136740000000003,-120.33,0.9999014573152569,0.9994838247906425,0.9995352533970508,0.9994838247906425,2.141275591599316e-13
414,0.0,-1.113674,-14.67,0.9999078621744177,0.9990618156034458,0.9992071475054869,0.9990618156034458,2.141275591599316e-13
415,0.0,-1.1129999999999984,-133.805,0.9999014552333324,0.9994483208416876,0.9996129067177535,0.9994483208416876,2.141275591599316e-13
416,0.0,-1.113000000000006,-126.63499999999999,0.9999010224612528,0.9994555837129047,0.999613915925445,0.9994555837129047,2.141275591599316e-13
417,0.0,-1.1130000000000002,-8.365000000000002,0.9999084213675421,0.9989908621445618,0.9991510588342968,0.9989908621445618,2.141275591599316e-13
418,0.0,-1.1129999999999993,-1.1950000000000003,0.9999091890545156,0.9987785586286713,0.9991672478836782,0.9987785586286713,2.141275591599316e-13
419,0.0,-0.37767400000001,-123.05000000000001,0.9999014314876874,0.9994671257459028,0.9995988128712552,0.9994671257459028,2.141275591599316e-13
420,0.0,-0.3776740000000102,-96.282915415362,0.999932378842861,0.9998769362399089,0.9996182529468354,0.9996182529468354,2.141275591599316e-13
421,0.0,-0.37767400000001,-81.282915415362,0.9999554416659452,0.9985420735107132,0.9995067893729809,0.9985420735107132,2.141275591599316e-13
422,0.0,-0.37767400000001,-48.717084584638,0.9999495975409216,0.9983471091300653,0.999105526035526,0.9983471091300653,2.141275591599316e-13
423,-4.440892098500626e-15,-0.37767400000001,-14.669999999999993,0.9999076791965663,0.9990612631282887,0.9991996481144133,0.9990612631282887,2.141275591599316e-13
424,1.0058735712501201e-14,-0.37767400000001,-4.78,0.9999089747998625,0.998927551531035,0.9993177603375779,0.998927551531035,2.141275591599316e-13
425,0.0,0.0,-132.61,0.9999014819509715,0.9994455346426566,0.9996219551749886,0.9994455346426566,2.141275591599316e-13
426,0.0,0.0,-127.83,0.999901314340839,0.9994520485980626,0.9996208222603832,0.9994520485980626,2.141275591599316e-13
427,3.996802888650564e-15,5.717673043901034e-15,-114.31,0.999902013729231,0.9995949749488462,0.9996263075685397,0.9995949749488462,2.141275591599316e-13
428,3.9968028886505635e-15,5.7176730439010165e-15,-107.95,0.9999226254009745,0.9999007024381436,0.9996055737900025,0.9996055737900025,2.141275591599316e-13
429,0.0,1.573175648209105e-14,-100.64499999999998,0.99994114755695,0.9994674697782119,0.9996716753051729,0.9994674697782119,2.141275591599316e-13
430,3.9968028886505635e-15,5.717673043901012e-15,-90.99,0.999936768303469,0.9990565593530603,0.9996540430945958,0.9990565593530603,2.141275591599316e-13
431,3.9968028886505635e-15,5.71767304390102e-15,-85.69,0.9999445562643475,0.9986778673976886,0.9996110615626722,0.9986778673976886,2.141275591599316e-13
432,0.0,1.573175648209105e-14,-74.145,0.9999774371130195,0.9984360006481149,0.9994504238627474,0.9984360006481149,2.141275591599316e-13
433,0.0,1.573175648209105e-14,-65.665,0.9999927145496175,0.9983885189687651,0.9993094330835954,0.9983885189687651,2.141275591599316e-13
434,0.0,1.573175648209105e-14,-60.365,0.9999838438644624,0.9983687302628348,0.9992223937468636,0.9983687302628348,2.141275591599316e-13
435,0.0,1.573175648209105e-14,-55.065,0.9999679855631695,0.9983553076084296,0.9991419386596797,0.9983553076084296,2.141275591599316e-13
436,0.0,9.961323865391232e-15,-42.230000000000004,0.999937434003205,0.9983554775763915,0.999010934056321,0.9983554775763915,2.141275591599316e-13
437,0.0,6.937866893910912e-15,-33.865,0.999935806237767,0.9986004947084935,0.99900208696086,0.9986004947084935,2.141275591599316e-13
438,0.0,4.5975340917190325e-15,-27.390000000000004,0.9999164434749065,0.9997612051592432,0.9990469072131858,0.9990469072131858,2.141275591599316e-13
439,0.0,2.298767045859517e-15,-21.030000000000005,0.9999069497085313,0.9990728159808492,0.9990702346445024,0.9990702346445024,2.141275591599316e-13
440,0.0,0.0,-9.56,0.999907655834444,0.9990133323944504,0.9991818181055817,0.9990133323944504,2.141275591599316e-13
441,0.0,0.0,0.0,0.999909745762288,0.9989552260939328,0.999223773526287,0.9989552260939328,2.141275591599316e-13
442,0.52400000000001,-17.092913958612904,-105.81646918606299,,,,,2.141275591599316e-13
443,0.52400000000001,-17.0929139586129,-29.183530813936898,,,0.9999278441602595,0.9999278441602595,2.141275591599316e-13
444,0.5239999999999996,-16.127119864078097,-106.38536538433698,0.9999968485061186,0.9998602435625873,0.9997042391005587,0.9997042391005587,2.141275591599316e-13
445,0.5240000000000028,-16.127119864078104,-28.6146346156628,0.9999707141255424,0.9992695561603726,0.9999535568708179,0.9992695561603726,2.141275591599316e-13
446,0.5240000000000075,-14.320075862004604,-107.44979564821098,0.9999777127904729,0.9998838534240573,0.9998098499687563,0.9998098499687563,2.141275591599316e-13
447,0.52400000000001,-14.32007586200458,-30.81685727608508,0.9999888807317543,0.9989536961459219,0.9999828051536349,0.9989536961459219,2.141275591599316e-13
448,0.52400000000001,-12.7261902979327,-108.388665996472,0.9999418939473588,0.999903277300236,0.9998497099848327,0.9998497099848327,2.141275591599316e-13
449,0.52400000000001,-12.726190297932698,-26.611334003527517,0.9999683999694884,0.9992194354513921,0.9999721735713303,0.9992194354513921,2.141275591599316e-13
450,0.52400000000001,-12.513031859931099,-103.11871246004101,0.9999264378777544,0.9994735731749775,0.9991470932627398,0.9991470932627398,2.141275591599316e-13
451,0.52400000000001,-12.513031859931058,-31.881287539959136,0.9999721009804426,0.9989735315929202,0.9999752493000308,0.9989735315929202,2.141275591599316e-13
452,0.52400000000001,-10.9191462958591,-109.45309626034701,0.999917809109115,0.9999174557923245,0.9998688752570618,0.9998688752570618,2.141275591599316e-13
453,0.52400000000001,-10.91914629585914,-25.546903739653438,0.9999509898488661,0.9991237592880228,0.9998904083061046,0.9991237592880228,2.141275591599316e-13
454,0.52400000000001,-10.7059878578575,-102.05428219616698,0.9999242877666549,0.999357131080247,0.9990182365803356,0.9990182365803356,2.141275591599316e-13
455,0.52400000000001,-10.705987857857497,-32.94571780383322,0.9999452170143213,0.9989547097078283,0.9998961206593449,0.9989547097078283,2.141275591599316e-13
456,0.52400000000001,-9.310524288256177,-110.40064703722899,0.9999078589371115,0.9999106254327721,0.9998544315896594,0.9998544315896594,2.141275591599316e-13
457,0.52400000000001,-9.310524288256172,-33.767708665103314,0.9999427447961567,0.9989048863826528,0.9997652257234478,0.9989048863826528,2.141275591599316e-13
458,0.52400000000001,-9.310524288256179,-24.5993529627705,0.9999332945364754,0.9990485981279251,0.9997552556740308,0.9990485981279251,2.141275591599316e-13
459,0.52400000000001,-9.24307956963641,-100.95832495877299,0.9999450485433738,0.9993811201261975,0.9989970873852299,0.9989970873852299,2.141275591599316e-13
460,0.5240000000000034,-8.568745437008012,-111.13546752651,0.9999033068646475,0.9998743931109946,0.9998277595828107,0.9998277595828107,2.141275591599316e-13
461,0.52400000000001,-8.568745437008044,-23.864532473490385,0.9999207823160067,0.9990500322244534,0.9996770538042221,0.9990500322244534,2.141275591599316e-13
462,0.5240000000000061,-8.20205205342605,-38.2704203291927,0.999936427728096,0.9985907907284665,0.9995937419756366,0.9985907907284665,2.141275591599316e-13
463,0.524000000000004,-8.092092775020351,-95.67761058463803,0.9999434717133556,0.9999018603903046,0.9991219758142849,0.9991219758142849,2.141275591599316e-13
464,0.52400000000001,-8.09209277502036,-87.31261058463801,0.9999519503323706,0.9988119347267487,0.9990977882202622,0.9988119347267487,2.141275591599316e-13
465,0.524000000000004,-8.092092775020351,-79.77761058463801,0.9999676613163725,0.9985339708925647,0.999133905454118,0.9985339708925647,2.141275591599316e-13
466,0.52400000000001,-8.09209277502036,-71.412610584638,0.9999905268566274,0.9984246348593142,0.9992207408190089,0.9984246348593142,2.141275591599316e-13
467,0.52400000000001,-8.092092775020355,-61.757610584638016,0.9999816269194465,0.998385960579531,0.9993611471207373,0.998385960579531,2.141275591599316e-13
468,0.52400000000001,-8.092092775020358,-56.45761058463802,0.9999627904371933,0.9983793393595927,0.9994346738295392,0.9983793393595927,2.141275591599316e-13
469,0.52400000000001,-8.092092775020362,-51.15761058463802,0.9999477787584918,0.9983854554126548,0.9994970640741175,0.9983854554126548,2.141275591599316e-13
470,0.52400000000001,-8.092092775020365,-44.797610584638015,0.9999371194174558,0.9984260988813178,0.9995499685958227,0.9984260988813178,2.141275591599316e-13
471,0.52400000000001,-7.243434126255018,-112.44834656610105,0.999900036347835,0.9997946753695748,0.999774784160967,0.999774784160967,2.141275591599316e-13
472,0.52400000000001,-7.243434126254982,-22.55165343389877,0.9999109777425109,0.9990520170660446,0.9995269674105612,0.9990520170660446,2.141275591599316e-13
473,0.52400000000001,-6.024666874978042,-21.34431900208669,0.9999104054102366,0.9990307263588634,0.9993962550209198,0.9990307263588634,2.141275591599316e-13
474,0.52400000000001,-5.918122815501852,-113.76122560569299,0.9998991439759369,0.9997281086441858,0.9997299514495799,0.9997281086441858,2.141275591599316e-13
475,0.5240000000000179,-4.883360286995657,-114.95853152375214,0.9998989340482315,0.9996807881934395,0.9997012615432422,0.9996807881934395,2.141275591599316e-13
476,0.52400000000001,-4.88336028699544,-20.0414684762477,0.9999093768282369,0.9990110893598201,0.9992935159514608,0.9990110893598201,2.141275591599316e-13
477,0.52400000000001,-4.04604638751018,-67.50000000000001,0.9999863976295285,0.9984066948235176,0.9993122160719683,0.9984066948235176,2.141275591599316e-13
478,0.5239999999999994,-3.993790743691725,-116.23369955960099,0.9998995874043616,0.9996354010405264,0.9996776467389767,0.9996354010405264,2.141275591599316e-13
479,0.52400000000001,-3.9937907436917595,-18.766300440398584,0.9999074074154845,0.9990139946249907,0.9992283917514326,0.9990139946249907,2.141275591599316e-13
480,0.5240000000000047,-3.256617975238949,-17.70958805820711,0.999907036421132,0.9990318317318867,0.9991856717933139,0.9990318317318867,2.141275591599316e-13
481,0.5240000000000025,-2.9311933668034116,-118.25018246531604,0.9998998187438543,0.9995637260078709,0.9996463540368491,0.9995637260078709,2.141275591599316e-13
482,0.52400000000001,-2.4747264620991296,-15.403565687888705,0.9999076916871436,0.9991228580352398,0.999153273139441,0.9991228580352398,2.141275591599316e-13
483,0.52400000000001,-2.226,-135.0,,,0.9996101484524323,0.9996101484524323,2.141275591599316e-13
484,0.52400000000001,-2.226,-130.22,0.999900617956904,0.9994880843412728,0.9996118864663499,0.9994880843412728,2.141275591599316e-13
485,0.52400000000001,-2.226,-120.66,0.9999002274658594,0.9995047952383859,0.99962361893574,0.9995047952383859,2.141275591599316e-13
486,0.52400000000001,-2.226,-9.56,0.9999087416353951,0.9991832373023555,0.9991325788386279,0.9991325788386279,2.141275591599316e-13
487,0.52400000000001,-2.226,-4.78,0.9999085974405787,0.9992419773062491,0.9991277444695958,0.9991277444695958,2.141275591599316e-13
488,0.52400000000001,-2.226,0.0,,,0.9991288685764211,0.9991288685764211,2.141275591599316e-13
489,0.52400000000001,-1.1129999999999651,-129.025,0.9999010519216499,0.9994837375637132,0.9996196281502601,0.9994837375637132,2.141275591599316e-13
490,0.52400000000001,-1.1130000000000004,-121.69000000000001,0.9999010157403225,0.9994992180454526,0.9996227870043984,0.9994992180454526,2.141275591599316e-13
491,0.52400000000001,-1.1129999999999967,-13.310000000000002,0.9999083497286538,0.9991534310091511,0.9991509548801817,0.9991509548801817,2.141275591599316e-13
492,0.52400000000001,-1.1129999999999893,-5.975000000000001,0.9999086007204115,0.9992197680833448,0.9991646431586026,0.9991646431586026,2.141275591599316e-13
493,0.52400000000001,2.6484591469634303e-14,-135.0,0.9999017645174223,0.999666266251342,0.9996292935237524,0.9996292935237524,2.141275591599316e-13
494,0.52400000000001,2.6484591469634303e-14,-127.83,0.9999013144366432,0.9994828689350943,0.9996267763251427,0.9994828689350943,2.141275591599316e-13
495,0.52400000000001,2.2542148975759086e-14,-118.992342,0.9999017604481456,0.9995416073174269,0.9996209542753178,0.9995416073174269,2.141275591599316e-13
496,0.524000000000004,3.631725115855166e-14,-109.452342,0.999908768931445,0.999963507804795,0.9996349531696314,0.9996349531696314,2.141275591599316e-13
497,0.5240000000000042,3.5404829822303976e-14,-104.15234200000002,0.9999129746285425,0.9990840732574613,0.9996873114717126,0.9990840732574613,2.141275591599316e-13
498,0.5239999999999977,3.449240848605607e-14,-98.85234200000001,0.9999391689299324,0.999935581851384,0.9996528109507926,0.9996528109507926,2.141275591599316e-13
499,0.5240000000000041,3.3579987149808576e-14,-93.55234200000001,0.9999341637517026,0.9994065133018977,0.9996552116253307,0.9994065133018977,2.141275591599316e-13
500,0.5240000000000041,3.266756581356102e-14,-88.25234200000001,0.9999402807888601,0.9988161718249149,0.9996292971925825,0.9988161718249149,2.141275591599316e-13
501,0.5240000000000041,3.157266021006372e-14,-81.89234200000001,0.9999533304202955,0.9985626939292578,0.999565603294504,0.9985626939292578,2.141275591599316e-13
502,0.52400000000001,2.0497552428013602e-14,-75.647342,0.9999725917013801,0.9984595466010285,0.9994750713761433,0.9984595466010285,2.141275591599316e-13
503,0.52400000000001,1.94026468245164e-14,-69.287342,0.9999900717184753,0.9984112361115349,0.9993693151542801,0.9984112361115349,2.141275591599316e-13
504,0.52400000000001,1.8307741221019154e-14,-62.927342,0.9999892448220877,0.9983896024781227,0.9992664747763682,0.9983896024781227,2.141275591599316e-13
505,0.5240000000000082,2.6645584994326385e-14,-53.27234200000001,0.999962166947367,0.9983763376155614,0.9991231409501193,0.9983763376155614,2.141275591599316e-13
506,0.52400000000001,1.0545898156505152e-14,-43.847342000000005,0.9999400780203036,0.9984186908267633,0.9990271991050348,0.9984186908267633,2.141275591599316e-13
507,0.52400000000001,7.480875428692463e-15,-35.367342,0.9999335868940579,0.9986565537735945,0.9989882632830588,0.9986565537735945,2.141275591599316e-13
508,0.52400000000001,4.032724859903191e-15,-25.827342,0.9999113111251888,0.9989456710944357,0.9990076680327404,0.9989456710944357,2.141275591599316e-13
509,0.52400000000001,5.845742911139178e-16,-16.287342,0.9999072536562799,0.9990926374312091,0.9991212309850102,0.9990926374312091,2.141275591599316e-13
510,0.52400000000001,0.0,-4.78,0.9999084749997008,0.9992377481877065,0.9992169389981774,0.9992169389981774,2.141275591599316e-13
511,0.52400000000001,0.0,0.0,0.9999097456639977,0.9996561161307356,0.9992244301021929,0.9992244301021929,2.141275591599316e-13
