"category","package_target","source","sha256","size_bytes","storage_mode"
"S10_OUTER_R4_LHS_03_OUTER_0_OUTER_OOF_PHYSICS_SEED_20260813","checkpoints\S10_OUTER_R4_LHS_03_OUTER_0_OUTER_OOF_PHYSICS_SEED_20260813\final_checkpoint.pt","external://checkpoints/S10_OUTER_R4_LHS_03_OUTER_0_OUTER_OOF_PHYSICS_SEED_20260813/final_checkpoint.pt","b6bf2accc1bac89e3dcc9d42ff640bf8ed45d1ffc72fec316278aa4115f9e322","1540391","external_pointer"
"S10_OUTER_R4_LHS_03_OUTER_0_OUTER_OOF_PHYSICS_SEED_20260813","predictions_oof\S10_OUTER_R4_LHS_03_OUTER_0_OUTER_OOF_PHYSICS_SEED_20260813\predictions.h5","external://predictions_oof/S10_OUTER_R4_LHS_03_OUTER_0_OUTER_OOF_PHYSICS_SEED_20260813/predictions.h5","2d2e5d3ccd9df814c6cd283bf2d18391ed2365bf51a2e32524955b5497f2edc1","178446363","external_pointer"
"S10_OUTER_R4_LHS_03_OUTER_0_OUTER_OOF_PHYSICS_REPAIRED_EFFECTIVE_PH_OPINF_SEED_20260813","checkpoints\S10_OUTER_R4_LHS_03_OUTER_0_OUTER_OOF_PHYSICS_REPAIRED_EFFECTIVE_PH_OPINF_SEED_20260813\final_checkpoint.pt","external://checkpoints/S10_OUTER_R4_LHS_03_OUTER_0_OUTER_OOF_PHYSICS_REPAIRED_EFFECTIVE_PH_OPINF_SEED_20260813/final_checkpoint.pt","216e444f86f1bb8fd6cb02e74a411de6f2e169bec1eaa2f64d98664c66853c53","1540391","external_pointer"
"S10_OUTER_R4_LHS_03_OUTER_0_OUTER_OOF_PHYSICS_REPAIRED_EFFECTIVE_PH_OPINF_SEED_20260813","predictions_oof\S10_OUTER_R4_LHS_03_OUTER_0_OUTER_OOF_PHYSICS_REPAIRED_EFFECTIVE_PH_OPINF_SEED_20260813\predictions.h5","external://predictions_oof/S10_OUTER_R4_LHS_03_OUTER_0_OUTER_OOF_PHYSICS_REPAIRED_EFFECTIVE_PH_OPINF_SEED_20260813/predictions.h5","0680cb2343975419a6628ffa17ed24453d304f7fd711cfe871cc791aeef65a1f","179356397","external_pointer"
"S10_OUTER_R4_LHS_03_OUTER_0_OUTER_OOF_CONTROL_SEED_20260813","checkpoints\S10_OUTER_R4_LHS_03_OUTER_0_OUTER_OOF_CONTROL_SEED_20260813\final_checkpoint.pt","external://checkpoints/S10_OUTER_R4_LHS_03_OUTER_0_OUTER_OOF_CONTROL_SEED_20260813/final_checkpoint.pt","7d906d7e3876e179443c636267f1d2d17acb43b12b467631c02451578197a8b9","1540391","external_pointer"
"S10_OUTER_R4_LHS_03_OUTER_0_OUTER_OOF_CONTROL_SEED_20260813","predictions_oof\S10_OUTER_R4_LHS_03_OUTER_0_OUTER_OOF_CONTROL_SEED_20260813\predictions.h5","external://predictions_oof/S10_OUTER_R4_LHS_03_OUTER_0_OUTER_OOF_CONTROL_SEED_20260813/predictions.h5","05b51c32f04e3c7d6468083155e0828e9f0cf27b75723f84576fdb9e3d8a3a50","177187388","external_pointer"
"S10_OUTER_R4_LHS_03_OUTER_1_OUTER_OOF_PHYSICS_REPAIRED_EFFECTIVE_PH_OPINF_SEED_20260813","checkpoints\S10_OUTER_R4_LHS_03_OUTER_1_OUTER_OOF_PHYSICS_REPAIRED_EFFECTIVE_PH_OPINF_SEED_20260813\final_checkpoint.pt","external://checkpoints/S10_OUTER_R4_LHS_03_OUTER_1_OUTER_OOF_PHYSICS_REPAIRED_EFFECTIVE_PH_OPINF_SEED_20260813/final_checkpoint.pt","047d26e35e0ac9e524328675f3fa68214e005b27925d5deb2ba6e4f99b4787e0","1540391","external_pointer"
"S10_OUTER_R4_LHS_03_OUTER_1_OUTER_OOF_PHYSICS_REPAIRED_EFFECTIVE_PH_OPINF_SEED_20260813","predictions_oof\S10_OUTER_R4_LHS_03_OUTER_1_OUTER_OOF_PHYSICS_REPAIRED_EFFECTIVE_PH_OPINF_SEED_20260813\predictions.h5","external://predictions_oof/S10_OUTER_R4_LHS_03_OUTER_1_OUTER_OOF_PHYSICS_REPAIRED_EFFECTIVE_PH_OPINF_SEED_20260813/predictions.h5","7b539077badb5ff7345184582f8c34c7343f6f2ace4c7969e3d73b2b65a98f6c","179630883","external_pointer"
"S10_OUTER_R4_LHS_03_OUTER_1_OUTER_OOF_CONTROL_SEED_20260813","checkpoints\S10_OUTER_R4_LHS_03_OUTER_1_OUTER_OOF_CONTROL_SEED_20260813\final_checkpoint.pt","external://checkpoints/S10_OUTER_R4_LHS_03_OUTER_1_OUTER_OOF_CONTROL_SEED_20260813/final_checkpoint.pt","d185c773787e717bc1ccee20ee066bf338dff20dce2ee276dc2223b1829eabba","1540391","external_pointer"
"S10_OUTER_R4_LHS_03_OUTER_1_OUTER_OOF_CONTROL_SEED_20260813","predictions_oof\S10_OUTER_R4_LHS_03_OUTER_1_OUTER_OOF_CONTROL_SEED_20260813\predictions.h5","external://predictions_oof/S10_OUTER_R4_LHS_03_OUTER_1_OUTER_OOF_CONTROL_SEED_20260813/predictions.h5","f8eefe6423c0f9ffac06368e9ad7a84d1ed95c489889eb073b3a96073939b7cf","177145661","external_pointer"
"S10_OUTER_R4_LHS_03_OUTER_2_OUTER_OOF_PHYSICS_REPAIRED_EFFECTIVE_PH_OPINF_SEED_20260813","checkpoints\S10_OUTER_R4_LHS_03_OUTER_2_OUTER_OOF_PHYSICS_REPAIRED_EFFECTIVE_PH_OPINF_SEED_20260813\final_checkpoint.pt","external://checkpoints/S10_OUTER_R4_LHS_03_OUTER_2_OUTER_OOF_PHYSICS_REPAIRED_EFFECTIVE_PH_OPINF_SEED_20260813/final_checkpoint.pt","916bc5346ab6a2049a3409f88dd5cb4a80643718ce24b0909225ed9c79da96f2","1540391","external_pointer"
"S10_OUTER_R4_LHS_03_OUTER_2_OUTER_OOF_PHYSICS_REPAIRED_EFFECTIVE_PH_OPINF_SEED_20260813","predictions_oof\S10_OUTER_R4_LHS_03_OUTER_2_OUTER_OOF_PHYSICS_REPAIRED_EFFECTIVE_PH_OPINF_SEED_20260813\predictions.h5","external://predictions_oof/S10_OUTER_R4_LHS_03_OUTER_2_OUTER_OOF_PHYSICS_REPAIRED_EFFECTIVE_PH_OPINF_SEED_20260813/predictions.h5","ad972688048b92271cfd3fd232efa98d573eb80e1155846f8a3ee2c3a05c54ee","179628275","external_pointer"
"S10_OUTER_R4_LHS_03_OUTER_2_OUTER_OOF_CONTROL_SEED_20260813","checkpoints\S10_OUTER_R4_LHS_03_OUTER_2_OUTER_OOF_CONTROL_SEED_20260813\final_checkpoint.pt","external://checkpoints/S10_OUTER_R4_LHS_03_OUTER_2_OUTER_OOF_CONTROL_SEED_20260813/final_checkpoint.pt","69ad7707474fca3570d8f20bbbc28e675c687d1fbcbeb683f06a3aef9f6558dd","1540391","external_pointer"
"S10_OUTER_R4_LHS_03_OUTER_2_OUTER_OOF_CONTROL_SEED_20260813","predictions_oof\S10_OUTER_R4_LHS_03_OUTER_2_OUTER_OOF_CONTROL_SEED_20260813\predictions.h5","external://predictions_oof/S10_OUTER_R4_LHS_03_OUTER_2_OUTER_OOF_CONTROL_SEED_20260813/predictions.h5","4c5e4986a9761e9653b76f647554316aaf8f63e5cd6d512178f620f5f28de663","176938341","external_pointer"
"S10_OUTER_R4_LHS_03_OUTER_3_OUTER_OOF_PHYSICS_REPAIRED_EFFECTIVE_PH_OPINF_SEED_20260813","checkpoints\S10_OUTER_R4_LHS_03_OUTER_3_OUTER_OOF_PHYSICS_REPAIRED_EFFECTIVE_PH_OPINF_SEED_20260813\final_checkpoint.pt","external://checkpoints/S10_OUTER_R4_LHS_03_OUTER_3_OUTER_OOF_PHYSICS_REPAIRED_EFFECTIVE_PH_OPINF_SEED_20260813/final_checkpoint.pt","bf5a94b48b9cae91cb7e3610125599616a9635681623666df30e0791e00cd04d","1540391","external_pointer"
"S10_OUTER_R4_LHS_03_OUTER_3_OUTER_OOF_PHYSICS_REPAIRED_EFFECTIVE_PH_OPINF_SEED_20260813","predictions_oof\S10_OUTER_R4_LHS_03_OUTER_3_OUTER_OOF_PHYSICS_REPAIRED_EFFECTIVE_PH_OPINF_SEED_20260813\predictions.h5","external://predictions_oof/S10_OUTER_R4_LHS_03_OUTER_3_OUTER_OOF_PHYSICS_REPAIRED_EFFECTIVE_PH_OPINF_SEED_20260813/predictions.h5","8f41db9beb8d57bf3793ea894624efc5d37c31c8fd28b81625a0789323b7e137","165780408","external_pointer"
"S10_OUTER_R4_LHS_03_OUTER_3_OUTER_OOF_CONTROL_SEED_20260813","checkpoints\S10_OUTER_R4_LHS_03_OUTER_3_OUTER_OOF_CONTROL_SEED_20260813\final_checkpoint.pt","external://checkpoints/S10_OUTER_R4_LHS_03_OUTER_3_OUTER_OOF_CONTROL_SEED_20260813/final_checkpoint.pt","ec6338d7b3bbc2c02e096234d68cd5b3da1b10beba05d0bd476e2609beb7406a","1540391","external_pointer"
"S10_OUTER_R4_LHS_03_OUTER_3_OUTER_OOF_CONTROL_SEED_20260813","predictions_oof\S10_OUTER_R4_LHS_03_OUTER_3_OUTER_OOF_CONTROL_SEED_20260813\predictions.h5","external://predictions_oof/S10_OUTER_R4_LHS_03_OUTER_3_OUTER_OOF_CONTROL_SEED_20260813/predictions.h5","d17c55440131595404d2dc84bc17805a46442f2cbb479365e536118c2ae3e39a","164249465","external_pointer"
"S10_OUTER_R4_LHS_03_OUTER_4_OUTER_OOF_PHYSICS_REPAIRED_EFFECTIVE_PH_OPINF_SEED_20260813","checkpoints\S10_OUTER_R4_LHS_03_OUTER_4_OUTER_OOF_PHYSICS_REPAIRED_EFFECTIVE_PH_OPINF_SEED_20260813\final_checkpoint.pt","external://checkpoints/S10_OUTER_R4_LHS_03_OUTER_4_OUTER_OOF_PHYSICS_REPAIRED_EFFECTIVE_PH_OPINF_SEED_20260813/final_checkpoint.pt","df7ecdfa4c21668561b9d11dcf1d09ceecdd32507e54d9ba07b97ecc20bab015","1540391","external_pointer"
"S10_OUTER_R4_LHS_03_OUTER_4_OUTER_OOF_PHYSICS_REPAIRED_EFFECTIVE_PH_OPINF_SEED_20260813","predictions_oof\S10_OUTER_R4_LHS_03_OUTER_4_OUTER_OOF_PHYSICS_REPAIRED_EFFECTIVE_PH_OPINF_SEED_20260813\predictions.h5","external://predictions_oof/S10_OUTER_R4_LHS_03_OUTER_4_OUTER_OOF_PHYSICS_REPAIRED_EFFECTIVE_PH_OPINF_SEED_20260813/predictions.h5","5a642b98377883294e9eb2e76e427e14a5c81e4c1777f130bc60d8620b557c07","179456966","external_pointer"
"S10_OUTER_R4_LHS_03_OUTER_4_OUTER_OOF_CONTROL_SEED_20260813","checkpoints\S10_OUTER_R4_LHS_03_OUTER_4_OUTER_OOF_CONTROL_SEED_20260813\final_checkpoint.pt","external://checkpoints/S10_OUTER_R4_LHS_03_OUTER_4_OUTER_OOF_CONTROL_SEED_20260813/final_checkpoint.pt","55dadfd2441436d92cf8e5622cdb028950bf24ccba6f5028a61a3d5a2a03e72e","1540391","external_pointer"
"S10_OUTER_R4_LHS_03_OUTER_4_OUTER_OOF_CONTROL_SEED_20260813","predictions_oof\S10_OUTER_R4_LHS_03_OUTER_4_OUTER_OOF_CONTROL_SEED_20260813\predictions.h5","external://predictions_oof/S10_OUTER_R4_LHS_03_OUTER_4_OUTER_OOF_CONTROL_SEED_20260813/predictions.h5","c9442125320fc614f88471b213bdcb0e0d92ec4e476206c857aef16de632c0e9","177505270","external_pointer"
"predictions_oof","predictions_oof\S10_R4_LHS_03_PHYSICS_OOF_FIELDS.h5","external://predictions_oof/S10_R4_LHS_03_PHYSICS_OOF_FIELDS.h5","d85d7e45858fcbce5dbf2c77a1dbe8bfb0e9e0baa2809c3b33dfae5085b4e9d6","1326431459","external_pointer"
"predictions_oof","predictions_oof\S10_R4_LHS_03_CONTROL_OOF_FIELDS.h5","external://predictions_oof/S10_R4_LHS_03_CONTROL_OOF_FIELDS.h5","f5e91b331c149613b8c06c50e2a5d040cdc14cbe925917f796f77878877812c2","1326225090","external_pointer"
