epoch,elapsed_s,learning_rate,loss_total,loss_q,loss_qdot,loss_variational,loss_q_physical32,loss_qdot_physical32,effective_physics_weight,loss_observation_displacement,loss_observation_velocity,gradient_norm,data_gradient_norm,physics_gradient_norm,data_physics_gradient_cosine,reduced_q_relative_l2,reduced_qdot_relative_l2,displacement_X_relative_l2,displacement_Y_relative_l2,displacement_Z_relative_l2,velocity_X_relative_l2,velocity_Y_relative_l2,velocity_Z_relative_l2,variational_weak_median,variational_weak_p90,hard_BC_max_abs,finite,peak_vram_GiB
0,0.33846839999750955,0.0,2.98264479637146,1.0452675819396973,1.0325993299484253,58.8684196472168,1.0796769857406616,1.0379509925842285,0.0,1.3645018339157104,1.0887359380722046,0.0,6.786579608917236,nan,nan,1.0782554362733123,1.0293632633272911,1.3967740741457324,0.9389801202337521,1.1228727473142635,1.0816491483779505,1.050753613647187,0.9960722405649017,1.0988605907541384,1.337476914612417,6.603308987785806e-17,True,0.10548591613769531
1,0.5975172000034945,0.0002,2.98264479637146,1.0452675819396973,1.0325993299484253,58.8684196472168,1.0796769857406616,1.0379509925842285,0.0,1.3645018339157104,1.0887359380722046,6.7865800857543945,6.786579608917236,nan,nan,1.059047821818616,1.0226729208887129,1.2755399790097806,0.9270228029947324,1.101900021441496,1.0661642006966692,1.0427846252073367,0.9935495800948289,1.084489401704758,1.2813155729041978,6.928565279946818e-17,True,0.13743257522583008
5,0.8146695000032196,0.001,2.1608715057373047,1.049460530281067,1.0292822122573853,112.8671646118164,1.0173122882843018,1.0194493532180786,0.0,0.7017568945884705,0.949924111366272,2.6966381072998047,2.6966381072998047,nan,nan,0.8334201868929492,0.9449005656987233,0.8120924469885795,0.7405074633139788,0.8640927893958368,0.9236519744120562,0.9580023923460256,0.9553737969545467,0.7847262081856101,0.9006188679934793,1.2110339069264292e-16,True,0.13743257522583008
10,1.0310246000008192,0.0009973620807194618,1.6548734903335571,1.0463250875473022,1.0291638374328613,128.36978149414062,0.8833587169647217,0.9721843004226685,0.0,0.4154154062271118,0.7755722999572754,1.7321527004241943,1.7321525812149048,nan,nan,0.6586240247552513,0.8433086107187033,0.5791800736617592,0.5297414824183087,0.6983843369201288,0.8592799027933126,0.8649773303320875,0.8826951798125977,0.7815635263304219,1.1389643315826152,1.2870028186008168e-16,True,0.13743257522583008
15,1.2511299000034342,0.000989479250069539,1.3073527812957764,1.1053718328475952,1.0477502346038818,259.8108825683594,0.7302820682525635,0.899151623249054,0.0,0.2209177166223526,0.679076611995697,1.3866338729858398,1.3866339921951294,nan,nan,0.4819516762290343,0.7569467020419454,0.39800914395912157,0.3969549831107336,0.5071315663737,0.8240682929496775,0.7988253033456802,0.8008672273326546,0.8619860972781112,1.7015208993138107,2.1130298660191098e-16,True,0.13743257522583008
20,1.4606660999997985,0.0009764439270322612,0.9626681804656982,1.17645263671875,1.0675084590911865,316.0144348144531,0.49823999404907227,0.7888664603233337,0.0,0.08226212859153748,0.5586293935775757,0.8479498624801636,0.8479499220848083,nan,nan,0.18575167871561418,0.6472302430689139,0.35776832780117945,0.20132333137780759,0.17770091803010016,0.7725447784104728,0.7591747777058448,0.6596367170239051,0.3490109909458616,2.160727147210108,2.740757957322964e-16,True,0.13743257522583008
25,1.688491699998849,0.0009584089388519307,0.7570708990097046,1.2946544885635376,1.098605751991272,282.8612365722656,0.3096676766872406,0.6321431994438171,0.0,0.07708907872438431,0.44452914595603943,1.2653508186340332,1.2653508186340332,nan,nan,0.23214354162795278,0.5102082829654454,0.32544331725234177,0.23774192407975692,0.22924145228386864,0.7295874421517949,0.7263691308006839,0.46503671533773483,0.4188720291863956,3.0201767211896606,2.7598849918615464e-16,True,0.13743257522583008
30,1.9302981000000727,0.0009355857292754152,0.5888592004776001,1.233639121055603,1.102096438407898,220.5791473388672,0.21822009980678558,0.4984090030193329,0.0,0.037979982793331146,0.37172195315361023,0.4924654960632324,0.49246546626091003,nan,nan,0.13353056553985052,0.44787846710085566,0.2624408329322718,0.16994090902628206,0.11453393737655702,0.6747833108979508,0.7034228674521117,0.3744563274955863,0.248031736230591,3.007058325535745,2.6163406531329116e-16,True,0.13743257522583008
35,2.1716078000026755,0.0009082418795675396,0.5041396617889404,1.2426425218582153,1.1040476560592651,160.50331115722656,0.15525589883327484,0.4153582751750946,0.0,0.030515749007463455,0.3309704065322876,0.4909885823726654,0.4909886121749878,nan,nan,0.11375944963195789,0.4160839430427373,0.23347606183292832,0.14719091518816,0.09543799027572705,0.6383933529087238,0.6763863282822888,0.3294760454690096,0.2287500709781878,1.7106201552059053,2.7016604915618175e-16,True,0.13743257522583008
40,2.4500771000020904,0.0008766979713654089,0.43957167863845825,1.2791043519973755,1.1124017238616943,112.9511947631836,0.11099313944578171,0.35737648606300354,0.0,0.023803995922207832,0.2986752688884735,0.3664323091506958,0.3664323091506958,nan,nan,0.10156067944619071,0.39838419909628625,0.20757799253538828,0.13910447848653293,0.08221240188105333,0.5969623475302013,0.6534696255396799,0.3104560648937762,0.15647650220358636,1.94669493298294,2.611726948874712e-16,True,0.13743257522583008
45,2.666494600001897,0.0008413238281518226,0.39483240246772766,1.2876626253128052,1.1244282722473145,78.7339096069336,0.08486718684434891,0.3209768235683441,0.0,0.019505679607391357,0.2738657295703888,0.2762759327888489,0.2762759029865265,nan,nan,0.08934193093972125,0.3843077275644867,0.18488353554689865,0.1309847016703523,0.06789738684674185,0.5646672750703793,0.6331188632351583,0.2947497051331596,0.14166710683642456,1.2992572219275236,2.6603318930426997e-16,True,0.13743257522583008
50,2.87281449999864,0.000802534179413072,0.35781794786453247,1.310136079788208,1.1288915872573853,62.16255187988281,0.0685415044426918,0.29639729857444763,0.0,0.01617548242211342,0.25040775537490845,0.20867083966732025,0.20867083966732025,nan,nan,0.0828050864954394,0.36982748121790116,0.16781880394706442,0.12284634672512748,0.06291058586453901,0.5358956339734922,0.6127612895267284,0.2769191086603711,0.11200136367682954,1.053817198865463,2.7488032401422027e-16,True,0.13743257522583008
55,3.1231849000032526,0.0007607837983149056,0.32930615544319153,1.335816740989685,1.1389093399047852,52.67734146118164,0.05628420412540436,0.28107351064682007,0.0,0.013949657790362835,0.23101706802845,0.15425321459770203,0.15425321459770203,nan,nan,0.07746130204955662,0.35973087376047025,0.15454558181574707,0.11541376288230215,0.05931940266787943,0.5104275071458186,0.5923826231647927,0.2659113669806578,0.11206738129633237,0.9317229677735825,2.816488061687054e-16,True,0.13743257522583008
60,3.364185600003111,0.0007165621699029615,0.30500730872154236,1.34847891330719,1.1405706405639648,43.19691848754883,0.04563205689191818,0.26968926191329956,0.0,0.012285907752811909,0.21389107406139374,0.1346374750137329,0.1346374750137329,nan,nan,0.07185778537470736,0.35024308970382345,0.14397836029958797,0.11100416181956156,0.052998910644019646,0.4885231180561302,0.571976962616576,0.25768356132447306,0.10672723642077418,0.8904467069921297,2.730998058863122e-16,True,0.13743257522583008
65,3.573119400003634,0.0006703877523381495,0.2845960259437561,1.3627225160598755,1.1378304958343506,36.04112243652344,0.03819546848535538,0.2610260248184204,0.0,0.010947369039058685,0.19884330034255981,0.10519438236951828,0.10519438982009888,nan,nan,0.06834803894672169,0.34082587829872,0.13602975719247243,0.10514535765130976,0.0509111251806398,0.4702573092284085,0.5518038667818413,0.2501104592732419,0.11534563494350453,0.9532291186711598,2.6545170918189227e-16,True,0.13743257522583008
70,3.797373499997775,0.0006228018984487442,0.26727649569511414,1.3740452527999878,1.135391116142273,30.904621124267578,0.0331263430416584,0.25379979610443115,0.0,0.009941287338733673,0.18560367822647095,0.08759220689535141,0.08759220689535141,nan,nan,0.06509474891961595,0.3329485213350273,0.1298160587883427,0.10097500893349726,0.04798541427702376,0.45455659404146637,0.5324105900476221,0.2439221761878842,0.12647070860343812,1.0146346370008723,2.609646075022271e-16,True,0.13743257522583008
75,4.089296700003615,0.000574362508863438,0.2526322603225708,1.3844529390335083,1.1333609819412231,28.476293563842773,0.029243281111121178,0.24785116314888,0.0,0.009191293269395828,0.17416734993457794,0.07673433423042297,0.07673433423042297,nan,nan,0.06233210562507976,0.3259136497262826,0.12481905556945985,0.09765630471139546,0.04541131924213405,0.44119747684510374,0.5143337674099562,0.23871326942457471,0.12598259070278509,0.9800307131314072,2.5357773776474703e-16,True,0.13743257522583008
80,4.340347999997903,0.0005256374911365621,0.24004796147346497,1.399582862854004,1.1315886974334717,26.129362106323242,0.02645314298570156,0.24277497828006744,0.0,0.008592916652560234,0.1641480177640915,0.07057136297225952,0.07057136297225952,nan,nan,0.059918467412851964,0.3194586104195823,0.12076495216089703,0.09498625139702305,0.043009835045448634,0.42977004973122007,0.497218696110832,0.23440566360480664,0.1277515477606676,0.9089391965063963,2.467834580373362e-16,True,0.13743257522583008
85,4.547978399998101,0.00047719810155125587,0.22920654714107513,1.4103602170944214,1.1305718421936035,23.740079879760742,0.024495210498571396,0.23849189281463623,0.0,0.008070115000009537,0.15538965165615082,0.06260943412780762,0.06260943412780762,nan,nan,0.057941654564411346,0.3135149783999572,0.11696789128794458,0.09235502831930836,0.04147843548512443,0.419947638388358,0.4814352413906269,0.23079398993210398,0.12173358063979363,0.8199097025659691,2.4202665093071784e-16,True,0.13743257522583008
90,4.750600300001679,0.0004296122476618507,0.21994753181934357,1.4177050590515137,1.129879355430603,21.5519962310791,0.022995948791503906,0.2344888299703598,0.0,0.00764031708240509,0.14793601632118225,0.05835317075252533,0.05835317075252533,nan,nan,0.05643408611098332,0.3082453506570665,0.11369559266418101,0.09016623176594525,0.04038632120322198,0.4115891880829945,0.4673854713891442,0.22784405588613915,0.12823742078481468,0.7366515439268388,2.389206861826293e-16,True,0.13743257522583008
95,4.9714853999976185,0.00038343783009703845,0.21206504106521606,1.4240857362747192,1.128608226776123,19.734188079833984,0.02180439420044422,0.23076020181179047,0.0,0.007280653342604637,0.1416432410478592,0.05361641198396683,0.05361641198396683,nan,nan,0.055208058554658795,0.3036238152798038,0.11089900584258561,0.08822398219010533,0.03959354361179037,0.40448663778301497,0.4550972643294607,0.22538556049966743,0.12696354003143137,0.683491872901195,2.372052883761425e-16,True,0.13743257522583008
100,5.178706799997599,0.0003392162016850945,0.20536722242832184,1.4299834966659546,1.1268916130065918,18.172853469848633,0.02088613063097,0.2274065762758255,0.0,0.006976122036576271,0.1363179236650467,0.05145346373319626,0.05145346373319626,nan,nan,0.054026116899654565,0.2996375919004428,0.10856385730647503,0.08649172761427573,0.038703519019473685,0.3983754601807677,0.4444244384476022,0.22328176922702253,0.12208466663991197,0.64625274240529,2.3621643971855166e-16,True,0.13743257522583008
105,5.3987456999966525,0.000297465820586928,0.19969525933265686,1.4344961643218994,1.125047206878662,16.842205047607422,0.0201560128480196,0.2243807315826416,0.0,0.006721986923366785,0.1318390965461731,0.04911757633090019,0.04911757633090019,nan,nan,0.05308957536877854,0.29621360103399624,0.10652274516966362,0.08505384565450519,0.038040537364880805,0.3931066241321114,0.4353329450484781,0.22149230947561468,0.11978384452298724,0.6347504975575211,2.358020176835232e-16,True,0.13743257522583008
110,5.637051400000928,0.0002586761718481776,0.19490006566047668,1.4381693601608276,1.123315691947937,15.748824119567871,0.01957937330007553,0.22160376608371735,0.0,0.006510953418910503,0.12809333205223083,0.04691249132156372,0.04691249132156372,nan,nan,0.05231187075900014,0.2932725176230889,0.10481390367199579,0.08382775155480951,0.03751735562324463,0.3886148217059436,0.42762173439099005,0.21995472583210687,0.11635506435018518,0.6293034952769816,2.3588270318126536e-16,True,0.13743257522583008
115,5.865166700001282,0.0002233020286345913,0.1908491849899292,1.441367506980896,1.1218857765197754,14.928509712219238,0.01912064664065838,0.2190825641155243,0.0,0.00633641891181469,0.1249619722366333,0.045813050121068954,0.04581305384635925,nan,nan,0.05162676471536781,0.2907632260008886,0.10339070888530347,0.08280042205673994,0.03701242457472426,0.38479871740945865,0.4210837164620711,0.21867289710281917,0.11368768736008526,0.613482295522962,2.359292172838267e-16,True,0.13743257522583008
120,6.077105600001232,0.00019175812043246033,0.18742525577545166,1.4438639879226685,1.120605230331421,14.29934024810791,0.018751783296465874,0.216818705201149,0.0,0.006191632244735956,0.12234099209308624,0.045062173157930374,0.045062173157930374,nan,nan,0.05103635281548099,0.28862640231157977,0.10221630539680468,0.08193874320430067,0.03655174061134694,0.38155869087281535,0.4155497494647642,0.21758115903251757,0.11142354131961552,0.6054584226315328,2.3587876577623856e-16,True,0.13743257522583008
125,6.290401300000667,0.00016441427072458494,0.18452781438827515,1.4458390474319458,1.119572401046753,13.804396629333496,0.018453044816851616,0.21479737758636475,0.0,0.006072774063795805,0.12014243006706238,0.04400964081287384,0.04400964081287384,nan,nan,0.050545601718491415,0.28679531766413024,0.10123990024306159,0.08123109274987936,0.03615465638514774,0.37881331733574586,0.4108755700669118,0.2166158172770688,0.10952730217559724,0.5930913284642295,2.3578179462611078e-16,True,0.13743257522583008
130,6.565954300000158,0.0001415910611480694,0.18206578493118286,1.4475758075714111,1.1187455654144287,13.412810325622559,0.018208114430308342,0.212990403175354,0.0,0.0059749712236225605,0.11829119175672531,0.04363175109028816,0.043631747364997864,nan,nan,0.050135663039103974,0.28522012025531135,0.10043212060519502,0.08063499673439903,0.035824917289898235,0.3764704648776786,0.40691338565298224,0.2157791034910328,0.1081049123785227,0.5827776647004623,2.356384710019638e-16,True,0.13743257522583008
135,6.7909963999991305,0.00012355607296773896,0.17995117604732513,1.4490220546722412,1.1180517673492432,13.086423873901367,0.01800685189664364,0.211370050907135,0.0,0.005893024615943432,0.11671392619609833,0.04320196062326431,0.04320196062326431,nan,nan,0.049784837843198294,0.2838526025826864,0.09976133745595994,0.0801151705705402,0.03554821733974605,0.3744462059897009,0.40350777888976525,0.2150498915953604,0.10694824026995142,0.5746558403106058,2.3548116788223577e-16,True,0.13743257522583008
140,7.024230700000771,0.00011052074993046101,0.17809829115867615,1.4502660036087036,1.117467999458313,12.806958198547363,0.017835259437561035,0.20989373326301575,0.0,0.005822798237204552,0.11534324288368225,0.042846087366342545,0.042846087366342545,nan,nan,0.04948564683329642,0.2826457922420338,0.09918092831659171,0.0796587074273179,0.03531912281893051,0.3726596963135681,0.40051829324419913,0.21441548009872355,0.10594233165607955,0.5663909807542967,2.353413489046943e-16,True,0.13743257522583008
145,7.237261599999329,0.00010263791928053818,0.1764216423034668,1.4513664245605469,1.116987705230713,12.56502914428711,0.017683744430541992,0.2085069864988327,0.0,0.005760790314525366,0.11411316692829132,0.042562201619148254,0.042562201619148254,nan,nan,0.04921675569820542,0.28154544569460677,0.09866053832091369,0.0792470441871911,0.03511286692727241,0.3710289076213126,0.39779996763517533,0.2138455336470746,0.10487644604246478,0.559009478918746,2.351759027291352e-16,True,0.13743257522583008
150,7.444832599998335,0.0001,0.17483943700790405,1.4524112939834595,1.116573452949524,12.340667724609375,0.017544183880090714,0.2071492224931717,0.0,0.005702975671738386,0.11296311765909195,0.042256757616996765,0.042256757616996765,nan,nan,0.048962255832528175,0.28049442018291,0.09817253600020796,0.07885327189096013,0.034919173407845325,0.3694789332744951,0.39521578786267814,0.21330445353665173,0.10353658297681113,0.5523496879103805,2.3504199269272213e-16,True,0.13743257522583008
