epoch,elapsed_s,lr,loss,data_loss,physics_loss,displacement_loss,velocity_loss,state_loss,equilibrium_loss,data_gradient_l2,physics_gradient_l2,gradient_cosine,score,peak_vram_GiB,displacement_X_pooled_l2,displacement_Y_pooled_l2,displacement_Z_pooled_l2,velocity_X_pooled_l2,velocity_Y_pooled_l2,velocity_Z_pooled_l2,physical_q13_pooled_l2,physical_qdot13_pooled_l2,equilibrium_residual_median,equilibrium_residual_p90,hard_BC_max_abs,finite
0,1.5184583000009297,0.0,1.3927357196807861,1.2517478466033936,0.14098787307739258,1.1460458040237427,0.42280808091163635,2.6769168376922607,7.142016887664795,0.8905619382858276,0.33305224776268005,0.29761749505996704,3.950145200267524,2.048156261444092,1.013280532677892,1.0309902302557794,1.0275906781268995,1.0485997476470166,1.0383880394233043,1.0391775084006332,0.9674243533921493,1.0089458364752744,1.3595455090760946,15.503237405332742,0.0,True
1,3.249890899998718,0.00016,1.370387077331543,1.2340431213378906,0.13634395599365234,1.133085012435913,0.40383225679397583,2.623676300048828,5.160136699676514,0.7444116473197937,0.24894261360168457,0.28323009610176086,3.9110612323978926,2.054251194000244,1.0058710390394578,1.018334437021037,1.019311508417761,1.0301704841934982,1.0240309410601505,1.0250812730776278,0.9772357333681763,0.9984938212181574,1.3092897011922158,15.36106278546033,0.0,True
5,5.922931399996742,0.0008,1.124764323234558,1.0134820938110352,0.11128222197294235,0.922070324420929,0.3656470477581024,2.1359124183654785,4.486596584320068,0.7389031052589417,0.14388997852802277,-0.0065560052171349525,3.6792333877582557,2.054251194000244,0.9870390591453974,0.9432454196253309,0.9030141305631157,1.0015430187289085,1.0026602488941825,1.002211800399461,0.9433101141877382,0.9808750840976131,0.8977974461340319,13.207678074734678,0.0,True
10,9.077173099998618,0.0008,0.5414138436317444,0.4977662265300751,0.04364762455224991,0.40775591135025024,0.3600412905216217,0.8237963318824768,2.4578068256378174,1.8519216775894165,0.31713297963142395,0.5257721543312073,2.5691408352776843,2.054251194000244,0.930777143875712,0.43220478987316424,0.4165260289977454,0.9947589947379293,0.9918788874130875,0.991819279449394,0.450185821309601,0.6751615679792867,1.0028399022690946,10.947887347256138,0.0,True
15,12.462840599997435,0.0008,0.46583834290504456,0.44704335927963257,0.018794989213347435,0.3643015921115875,0.33096712827682495,0.33753716945648193,1.9181301593780518,2.2551932334899902,0.22326837480068207,0.38685572147369385,2.3362832229521535,2.054251194000244,0.8611014358990959,0.38119712854446075,0.39037079951488174,0.9771813250946182,0.8698124501531344,0.8729330315327252,0.2363215729859562,0.34660793881935,0.9821286202304701,10.805475317785978,0.0,True
20,15.593752000000677,0.0008,0.32624804973602295,0.3147297501564026,0.011518305167555809,0.23981016874313354,0.29967832565307617,0.20645442605018616,1.1955838203430176,0.878335177898407,0.2563563883304596,0.22043700516223907,1.8618884766171426,2.054251194000244,0.7152382326681116,0.27484559645784545,0.25556522417236305,0.9236436678892779,0.7229061520182419,0.7325608518681027,0.21461755374916897,0.31522866543511724,0.5782015064876964,9.823611151794307,0.0,True
25,18.776928100000077,0.0008,0.2754005789756775,0.2661944031715393,0.009206168353557587,0.18612854182720184,0.32026344537734985,0.15905658900737762,1.2533382177352905,1.4027382135391235,0.2694905698299408,0.5022639036178589,1.629815349740177,2.054251194000244,0.5521114698320483,0.23176801795333193,0.2368128286148592,0.9162471269083646,0.720986919316325,0.7182773195876668,0.20245191886848457,0.2477725273240432,0.5463729503461482,9.788832408825725,0.0,True
30,21.68655679999938,0.0008,0.14461731910705566,0.13979196548461914,0.004825357347726822,0.0753704234957695,0.25768616795539856,0.0776580348610878,0.9424554705619812,0.8842708468437195,0.06930273026227951,-0.12464799731969833,1.2854853826797157,2.054251194000244,0.35859277776387183,0.1612864610893429,0.17907767081327253,0.9025171982318643,0.6977205178702426,0.6862637125876074,0.14903115840799838,0.2156868083841997,0.542481482196535,10.13738948593604,0.0,True
35,25.139816599999904,0.0008,0.16683855652809143,0.16222387552261353,0.004614688456058502,0.10287263244390488,0.2374049425125122,0.07830238342285156,0.699569046497345,3.768324851989746,0.11150268465280533,0.49663883447647095,1.215165031908531,2.054251194000244,0.323098616043535,0.16082931771335648,0.15475889196619239,0.8945414439622168,0.6913431644601905,0.6687317060022384,0.1282412757928576,0.1374108493258751,0.4740040132921814,9.782132608394758,0.0,True
40,28.8020447999952,0.0008,0.09050189703702927,0.08692997694015503,0.003571918234229088,0.029348665848374367,0.23032523691654205,0.06150071322917938,0.4968825876712799,1.0172481536865234,0.09085315465927124,0.4714494049549103,1.2479084260986104,2.054251194000244,0.25369210225012245,0.2132014382259279,0.2027447878967922,0.8933015220792572,0.689919948526184,0.6575791597577761,0.18069940134963638,0.12593670719407235,0.4438792604498486,9.34889600933252,0.0,True
45,31.89555459999974,0.0008,0.1029680147767067,0.09952722489833832,0.003440787550061941,0.04724957048892975,0.20911061763763428,0.05294239521026611,0.7936676144599915,1.8313486576080322,0.11587416380643845,0.08591534942388535,1.0688917804465148,2.054251194000244,0.23019524266391828,0.13205652012508995,0.14532259282603113,0.8784753116080959,0.6827608494732402,0.6419108520802386,0.10530671541081767,0.12094759468841614,0.33534255571057436,9.738208804592196,0.0,True
50,35.31760889999714,0.0008,0.07204756140708923,0.06963032484054565,0.002417237963527441,0.02082153595983982,0.19523516297340393,0.041124872863292694,0.36099427938461304,0.6201968789100647,0.04826165735721588,0.01688198745250702,0.9449175650787598,2.054251194000244,0.1846291699022398,0.10706767936446165,0.10004721675583354,0.8682070225538191,0.6782275832193609,0.6337634561053531,0.08123983586591514,0.0950197714508051,0.2992990691548254,9.492154495627696,0.0,True
55,38.919123100000434,0.0008,0.07187584042549133,0.06945888698101044,0.0024169532116502523,0.022826887667179108,0.18652798235416412,0.03922756388783455,0.45557504892349243,1.1172429323196411,0.06957903504371643,0.1277322769165039,1.039911902652353,2.054251194000244,0.2060499247149907,0.14774864248944558,0.13191050411854233,0.8607236562564987,0.6772525893330137,0.6299104725537468,0.12231151793559408,0.09974725534245074,0.3285017690483947,8.8590142634798,0.0,True
60,42.0652620999972,0.0008,0.09067919105291367,0.08631719648838043,0.004361994564533234,0.04153750091791153,0.1791187971830368,0.05007985234260559,1.858001470565796,1.527937889099121,0.18465660512447357,0.13984812796115875,1.0509164800190978,2.054251194000244,0.21346795199335306,0.15633474914478046,0.13223957264975314,0.8573240386728195,0.6774041846519406,0.6266170972008391,0.08537876099811476,0.10881838894499667,0.3405809953544531,9.74292598393835,0.0,True
65,45.29829310000059,0.0008,0.11554327607154846,0.1104256883263588,0.005117589142173529,0.06482259929180145,0.18241235613822937,0.08393441885709763,0.920867919921875,2.5744400024414062,0.19251105189323425,0.2965467870235443,1.0831664293485401,2.054251194000244,0.2437918160225296,0.15272229672428236,0.13931663856234447,0.8530758964470161,0.6752476890632868,0.6230618296057081,0.09489324260380805,0.1519208892688618,0.35288877919759204,9.615280053353565,0.0,True
70,48.803827299998375,0.0008,0.05805336311459541,0.05617397651076317,0.001879385206848383,0.01328554842621088,0.17155371606349945,0.032692842185497284,0.24474304914474487,0.3734795153141022,0.050308555364608765,0.21616153419017792,0.9640277424588514,2.054251194000244,0.16203742667860288,0.1326477401099554,0.12198022109623033,0.8505640160842243,0.6748464201776899,0.6247275161210541,0.09827866478320678,0.11083577001210597,0.29082158836367644,8.813989189539662,0.0,True
75,52.1099602999966,0.0008,0.06045367196202278,0.05854158103466034,0.0019120901124551892,0.015406799502670765,0.1725391298532486,0.033631786704063416,0.23050066828727722,0.7902448177337646,0.05664019286632538,0.3769509494304657,0.8808902345728611,2.054251194000244,0.15032463056732717,0.09916252953571666,0.08785571542086719,0.8498921289991778,0.6728738321798542,0.6211358471224537,0.07571906973578625,0.13737057818394233,0.2769267812343165,7.885826050983482,0.0,True
80,55.74402510000073,0.0008,0.05528663843870163,0.05338354408740997,0.0019030950497835875,0.011024017818272114,0.16943810880184174,0.03297315910458565,0.25443705916404724,0.3029106855392456,0.06263997405767441,0.14277926087379456,0.8407775460477769,2.054251194000244,0.1379003500339687,0.08859916629643848,0.07573865778800967,0.8450536788992354,0.6692158125642902,0.6158499927124998,0.060095008853535324,0.09343984981304984,0.26884834743624075,6.871394584759346,0.0,True
85,58.92219209999894,0.0008,0.054213929921388626,0.052575405687093735,0.0016385242342948914,0.010745859704911709,0.1673181802034378,0.028180809691548347,0.22948364913463593,0.3550803065299988,0.05337809398770332,0.0083162235096097,0.9136767356094682,2.054251194000244,0.13996155456603973,0.12557798982795348,0.10745785592690606,0.8434633004143132,0.6677734419684532,0.6153162667435791,0.09041083006982478,0.09382880761011346,0.2946086674824712,5.893131440366189,0.0,True
90,62.31699490000028,0.0008,0.059135228395462036,0.05684167146682739,0.0022935564629733562,0.013621021062135696,0.17288260161876678,0.04056742787361145,0.26518505811691284,0.5888930559158325,0.08381292968988419,0.2772690951824188,0.8414485211655394,2.054251194000244,0.12748974366406154,0.09474374617051558,0.08262724096294975,0.8415786251959889,0.6662886905117343,0.6127769083213138,0.06426734360753204,0.10067466329279251,0.2682248414261497,5.442799944328935,0.0,True
95,65.36531439999817,0.0008,0.06688075512647629,0.06528380513191223,0.0015969499945640564,0.02264665998518467,0.17054858803749084,0.02657083049416542,0.2684083878993988,0.846032440662384,0.0464215986430645,0.08452778309583664,0.9619364648162628,2.054251194000244,0.17249846783797138,0.1309803216762831,0.11056154045942676,0.8464968589666572,0.6835813353404396,0.6351683846947103,0.06584490092129829,0.14478081343141888,0.26811125118730483,5.181542205475071,0.0,True
100,68.1825658999951,0.0008,0.05405314266681671,0.052528299391269684,0.0015248418785631657,0.010811636224389076,0.16686664521694183,0.026985587552189827,0.17556248605251312,0.6203386783599854,0.059555258601903915,0.3196207582950592,0.8039642957365088,2.054251194000244,0.11938274354845552,0.08259314645171166,0.0689462918957068,0.8386443431818529,0.6632670529013357,0.6074028198555991,0.0571355985593803,0.08438763285940624,0.2258835235119056,4.547872709111685,0.0,True
105,71.12146599999687,0.0008,0.061936233192682266,0.060204148292541504,0.0017320853658020496,0.018713045865297318,0.16596440970897675,0.029388125985860825,0.26267901062965393,0.9652337431907654,0.07303084433078766,0.2717210054397583,1.049429030098526,2.054251194000244,0.1689614795451866,0.1794922901381769,0.15539667922153744,0.8421347443151186,0.6685252531517107,0.6117684489518446,0.1497146958895661,0.08580218049291834,0.26650337105440286,4.013501892622767,0.0,True
110,73.58926960000099,0.0008,0.06563203036785126,0.06344675272703171,0.002185276011005044,0.02167084626853466,0.1671036183834076,0.037543393671512604,0.3081062138080597,0.787453293800354,0.0769151970744133,0.07332693040370941,0.8641757537160653,2.054251194000244,0.14508101595477366,0.09837987611877791,0.08631099796588114,0.8372840108637947,0.6623600521740963,0.6075336071128465,0.07609446138948188,0.09017100663202181,0.26804499893408124,4.736333787835178,0.0,True
115,75.99929629999679,0.0008,0.05132519081234932,0.049993619322776794,0.001331570092588663,0.008785903453826904,0.16483086347579956,0.023997871205210686,0.1316765695810318,0.3738430440425873,0.032210350036621094,0.08160170167684555,0.9059514666387564,2.054251194000244,0.14131756503134243,0.11371226824636285,0.11772727669066928,0.8342239170468542,0.6602321966883834,0.6044108777772126,0.08477608792269231,0.07337280020531006,0.2372406400202903,3.4834864390919016,0.0,True
120,78.41202899999917,0.0008,0.07602430135011673,0.0740819126367569,0.0019423854537308216,0.03182753920555115,0.1690175086259842,0.03531218692660332,0.17677603662014008,1.5353612899780273,0.07285206019878387,0.3932088017463684,0.9355406662421062,2.054251194000244,0.1669416988329353,0.11926007519018823,0.11249533593436199,0.8365373015057646,0.6615771391005721,0.6100087455142997,0.09812759754461574,0.09743854525354863,0.2805672365242251,3.5214216200327813,0.0,True
125,80.76423259999865,0.0008,0.05422326922416687,0.052384816110134125,0.001838452648371458,0.01123170368373394,0.16461244225502014,0.03384413197636604,0.14624610543251038,0.6325209140777588,0.057891156524419785,0.33366426825523376,0.7810808528891117,2.054251194000244,0.11681666539217576,0.07276700451615002,0.06464318668719407,0.82961222061864,0.6557763489484852,0.6015313648376822,0.05124012692389824,0.09008762692168296,0.18264721973755077,3.338279230331985,0.0,True
130,83.22045369999978,0.0008,0.04800087586045265,0.04675707593560219,0.001243800506927073,0.005899589508771896,0.16342994570732117,0.022586587816476822,0.11447110772132874,0.1551636904478073,0.031471606343984604,0.09003428369760513,0.746831550926911,2.054251194000244,0.0989723840330372,0.06812103229563643,0.05412423790382714,0.827646545960862,0.6540441847284337,0.5998315588677474,0.05233324305149537,0.07678299505481952,0.18703367878002697,3.0389419704525404,0.0,True
135,85.88554669999576,0.0008,0.0473644882440567,0.046274006366729736,0.0010904832743108273,0.005474340636283159,0.16319866478443146,0.019656043499708176,0.10768108069896698,0.17271313071250916,0.028002623468637466,0.0946148931980133,0.7392022606220011,2.054251194000244,0.09758345033177802,0.06636349327463036,0.05222429445594696,0.8246149377368842,0.6515472584193651,0.5968999142927599,0.04765494947393524,0.07080328076348302,0.17389279282788506,3.0975849857979645,0.0,True
140,88.45225049999863,0.0008,0.04741213843226433,0.046390701085329056,0.0010214380454272032,0.005642678588628769,0.16299208998680115,0.018884992226958275,0.07718846201896667,0.26882943511009216,0.024199742823839188,0.2870473563671112,0.7314755363899669,2.054251194000244,0.0949606074387031,0.06592526636465891,0.05154909000510357,0.8205748268290883,0.6476285832181568,0.5900735132453544,0.04471341758351393,0.0755812851776241,0.168554976083652,2.9285138177866794,0.0,True
145,90.98669040000095,0.0008,0.04715335741639137,0.04608665406703949,0.0010667047463357449,0.005274851340800524,0.163247212767601,0.019862953573465347,0.0735570564866066,0.24093961715698242,0.029543977230787277,0.30158376693725586,0.7215077919236659,2.054251194000244,0.09425074419823722,0.06671460952217655,0.05257358616893563,0.8150299815078252,0.6400449671248639,0.5579790879316555,0.04705342893230286,0.0799927385402192,0.17228958271757658,2.653134402623851,0.0,True
150,93.52999869999621,0.0008,0.046596746891736984,0.04558000713586807,0.0010167406871914864,0.004739078227430582,0.16336371004581451,0.01879059709608555,0.07721086591482162,0.19255195558071136,0.02592100389301777,0.15883572399616241,0.7136100635337779,2.054251194000244,0.09910713987139115,0.07396023108669553,0.05475544245803142,0.8027758536527564,0.6317277106336833,0.4893722269889154,0.0481830229882107,0.08754235870221079,0.17957489165753893,2.9742931345868815,0.0,True
