outer_fold,inner_fold,component,rank,train_cases,validation_cases,pooled_relative_l2_floor,median_case_relative_l2_floor,p90_case_relative_l2_floor,worst_case_relative_l2_floor,selection_use
0,0,u_X_transverse,16,41,13,0.010299342380444656,0.029081937907604553,0.06975506435926238,0.07468312782109537,INNER_ONLY
0,0,u_X_transverse,32,41,13,0.0039057606406927817,0.013114532504928444,0.022500215871012915,0.024207251024917945,INNER_ONLY
0,0,u_X_transverse,64,41,13,0.0007351794019071032,0.0025338785698690797,0.0038292304441134494,0.004297270446597793,INNER_ONLY
0,0,u_X_transverse,96,41,13,0.0003133201153301735,0.000993737310019347,0.0017888724987684761,0.0019630956143057727,INNER_ONLY
0,0,u_X_transverse,128,41,13,0.00023187770607700672,0.00071798091922771,0.0012557785682595366,0.001410971586006528,INNER_ONLY
0,0,v_Y_vertical,16,41,13,0.01393690805848042,0.01376008223044025,0.015247727638299177,0.015634280891970914,INNER_ONLY
0,0,v_Y_vertical,32,41,13,0.005025124655632716,0.004889033803525012,0.005450813360297083,0.005564772002815437,INNER_ONLY
0,0,v_Y_vertical,64,41,13,0.001219892676461057,0.0011831882121336767,0.0013377100629776788,0.0014258796401459925,INNER_ONLY
0,0,v_Y_vertical,96,41,13,0.00039853786130618677,0.0003834762576363231,0.00046231074515753784,0.0004681304998199222,INNER_ONLY
0,0,v_Y_vertical,128,41,13,0.00028362502201874373,0.000263986652254987,0.00032363190105392766,0.0003383406059042192,INNER_ONLY
0,0,w_Z_longitudinal,16,41,13,0.0035283694203276155,0.004434922149402872,0.005024651729729606,0.005212222002240153,INNER_ONLY
0,0,w_Z_longitudinal,32,41,13,0.0009276568313987332,0.0013151390453331586,0.0014692753075886166,0.001518755429728849,INNER_ONLY
0,0,w_Z_longitudinal,64,41,13,0.00026038578423205134,0.00025986884198515777,0.00039251944163349575,0.00039592078788170196,INNER_ONLY
0,0,w_Z_longitudinal,96,41,13,0.00023079145850236224,0.00023860570512048644,0.00034657138228346806,0.0003500210934088066,INNER_ONLY
0,0,w_Z_longitudinal,128,41,13,0.00021610625108786513,0.00021984609417703945,0.0003219334263967974,0.00033045659991823246,INNER_ONLY
0,1,u_X_transverse,16,40,14,0.009590630703337735,0.009698724712248776,0.06903899454738542,0.07215633998248117,INNER_ONLY
0,1,u_X_transverse,32,40,14,0.0036028386737925323,0.0033321511867106376,0.02021802178350931,0.023545167272377324,INNER_ONLY
0,1,u_X_transverse,64,40,14,0.0006818836606253026,0.000660255914781361,0.0038612425962889,0.007218527760319718,INNER_ONLY
0,1,u_X_transverse,96,40,14,0.0002801824189453461,0.0002579467193107944,0.0016336723241037242,0.003538615118210121,INNER_ONLY
0,1,u_X_transverse,128,40,14,0.00020799518687964312,0.00018674859361307933,0.0011438350631061437,0.0024909957701306266,INNER_ONLY
0,1,v_Y_vertical,16,40,14,0.01397607185817823,0.013701133998376585,0.015671508743575934,0.015845653232120036,INNER_ONLY
0,1,v_Y_vertical,32,40,14,0.0050905568849403645,0.005114491872316886,0.005528159430138094,0.005592939462432861,INNER_ONLY
0,1,v_Y_vertical,64,40,14,0.0012285104153178887,0.0011953100611005933,0.0013347412250256793,0.001398449702313551,INNER_ONLY
0,1,v_Y_vertical,96,40,14,0.00039508717841806425,0.00037748517719895006,0.0004379468351508689,0.0004952179340203234,INNER_ONLY
0,1,v_Y_vertical,128,40,14,0.0002748703414810604,0.0002468806379534887,0.0003068585186851788,0.00035385959762536016,INNER_ONLY
0,1,w_Z_longitudinal,16,40,14,0.003653587508252097,0.00417916416869756,0.00514799670412847,0.0052334447091414455,INNER_ONLY
0,1,w_Z_longitudinal,32,40,14,0.0009608335793586386,0.0012705410686851058,0.001482518390335386,0.0015006724534628927,INNER_ONLY
0,1,w_Z_longitudinal,64,40,14,0.0002691855126021419,0.000313878074576755,0.00038926946755051944,0.00042326055096399097,INNER_ONLY
0,1,w_Z_longitudinal,96,40,14,0.00024043770670313544,0.0002840706807053873,0.00034582677380059763,0.00038650916873354124,INNER_ONLY
0,1,w_Z_longitudinal,128,40,14,0.0002233137140731197,0.000256841779659326,0.0003258996090128248,0.0003514127008575484,INNER_ONLY
0,2,u_X_transverse,16,41,13,0.009304346947566385,0.007743469567184898,0.07067953869405728,0.07300201767504948,INNER_ONLY
0,2,u_X_transverse,32,41,13,0.003607780961906908,0.0035322606969841346,0.02251196242306833,0.023104618290974665,INNER_ONLY
0,2,u_X_transverse,64,41,13,0.0006837133321913639,0.0006883619462137836,0.00425867752763123,0.004280793755824011,INNER_ONLY
0,2,u_X_transverse,96,41,13,0.0002492339586872541,0.00025068475336225684,0.0017404629175377293,0.001778442558456019,INNER_ONLY
0,2,u_X_transverse,128,41,13,0.0001822479844392767,0.00019199375217449175,0.0012432195214534167,0.001269050949956808,INNER_ONLY
0,2,v_Y_vertical,16,41,13,0.014068083389552241,0.014094052021462022,0.01572057066569616,0.016008395762889458,INNER_ONLY
0,2,v_Y_vertical,32,41,13,0.00504123326334459,0.0050258697960936785,0.005439286938866093,0.0056854308948363465,INNER_ONLY
0,2,v_Y_vertical,64,41,13,0.0012223880998539186,0.001189136988790755,0.0013620613477277987,0.0014479178036590657,INNER_ONLY
0,2,v_Y_vertical,96,41,13,0.0003932672573074087,0.00036393415412862653,0.00046221226443595283,0.0004843570425483185,INNER_ONLY
0,2,v_Y_vertical,128,41,13,0.0002790800730518001,0.0002575382330798328,0.000343522777976621,0.00035153842543288866,INNER_ONLY
0,2,w_Z_longitudinal,16,41,13,0.003545344329246648,0.00439287797512551,0.004980260727268759,0.005102981210691854,INNER_ONLY
0,2,w_Z_longitudinal,32,41,13,0.0009205761467253071,0.0013562462644782821,0.0014629061912701915,0.0014823646887609366,INNER_ONLY
0,2,w_Z_longitudinal,64,41,13,0.0002532568962366677,0.00028475835569006223,0.0003801848845396906,0.00039443068149612687,INNER_ONLY
0,2,w_Z_longitudinal,96,41,13,0.00022583705599981172,0.00026269515069916275,0.0003402035243395203,0.00034687337483135306,INNER_ONLY
0,2,w_Z_longitudinal,128,41,13,0.00020619444860347767,0.00024801503698873784,0.0003133785892230773,0.00033111412455100886,INNER_ONLY
0,3,u_X_transverse,16,40,14,0.011243301398338285,0.028850630667165623,0.07250875105072345,0.07493807245016658,INNER_ONLY
0,3,u_X_transverse,32,40,14,0.004202737233811455,0.01266554600557446,0.023824391250352673,0.02479566319849454,INNER_ONLY
0,3,u_X_transverse,64,40,14,0.0007731075981641573,0.0026065968918368904,0.004299144207348306,0.004334377940905043,INNER_ONLY
0,3,u_X_transverse,96,40,14,0.0003158384804510394,0.0009981995511740126,0.0019019851541559596,0.0019402642853088665,INNER_ONLY
0,3,u_X_transverse,128,40,14,0.00022060086473592563,0.0007350783094399703,0.0013402136313204738,0.001371851693018045,INNER_ONLY
0,3,v_Y_vertical,16,40,14,0.01409315019720448,0.014345285520435163,0.015498886119976806,0.015616475076976813,INNER_ONLY
0,3,v_Y_vertical,32,40,14,0.005057396425773253,0.005041635423825491,0.005551460761974387,0.005614511970997812,INNER_ONLY
0,3,v_Y_vertical,64,40,14,0.001217327364058177,0.0011993427273922132,0.001330896228679935,0.0014093360007800587,INNER_ONLY
0,3,v_Y_vertical,96,40,14,0.00039809842718794555,0.0003734087238796087,0.0004638064481018413,0.0004680655408961115,INNER_ONLY
0,3,v_Y_vertical,128,40,14,0.000284329051276712,0.0002707183449240263,0.00034024459807541896,0.0003462093744277222,INNER_ONLY
0,3,w_Z_longitudinal,16,40,14,0.003490516077411846,0.003986611064632594,0.0050822796078139765,0.005234719448405005,INNER_ONLY
0,3,w_Z_longitudinal,32,40,14,0.0009249538972640694,0.0010896426722762022,0.001495900688327201,0.0015151136931431013,INNER_ONLY
0,3,w_Z_longitudinal,64,40,14,0.0002547611621447127,0.0002934298738215625,0.0003922603456390342,0.0004100078595520664,INNER_ONLY
0,3,w_Z_longitudinal,96,40,14,0.00022384924232139697,0.0002593543781599753,0.00034846874849534567,0.00035904568442287444,INNER_ONLY
0,3,w_Z_longitudinal,128,40,14,0.00020667679473015943,0.00023487324193117385,0.0003249734105729388,0.0003373151390658185,INNER_ONLY
1,0,u_X_transverse,16,41,13,0.009856620131060641,0.029076085762849774,0.07061419057311767,0.07322258736061989,INNER_ONLY
1,0,u_X_transverse,32,41,13,0.0037335718042420495,0.012987304503081809,0.022384733628040512,0.02402255972878226,INNER_ONLY
1,0,u_X_transverse,64,41,13,0.0007083797219074901,0.002538051405182083,0.004290905949249697,0.007224682455683232,INNER_ONLY
1,0,u_X_transverse,96,41,13,0.0002820893651740533,0.0009035082531263167,0.001822673786548811,0.0034360486905188445,INNER_ONLY
1,0,u_X_transverse,128,41,13,0.00020338245138925066,0.000658923421823634,0.001297331895972734,0.0024210252541857252,INNER_ONLY
1,0,v_Y_vertical,16,41,13,0.013626868185727187,0.013046314378010956,0.01548230472036598,0.015604451446205715,INNER_ONLY
1,0,v_Y_vertical,32,41,13,0.004884547358370329,0.004633616228815452,0.00552695164707401,0.005564408236549225,INNER_ONLY
1,0,v_Y_vertical,64,41,13,0.0011802749673212104,0.0011437098784345204,0.0012675721777753118,0.0014249290404393595,INNER_ONLY
1,0,v_Y_vertical,96,41,13,0.00037275989883619066,0.0003487236980267742,0.00041485279837658024,0.0004575287328910611,INNER_ONLY
1,0,v_Y_vertical,128,41,13,0.000271533913499222,0.0002621402418535487,0.00030588061261204314,0.0003344628793620116,INNER_ONLY
1,0,w_Z_longitudinal,16,41,13,0.003396321032948027,0.003553679135339858,0.005114153319979311,0.005200671799144785,INNER_ONLY
1,0,w_Z_longitudinal,32,41,13,0.0009071929632492653,0.0011545806127693675,0.001489670917636004,0.0015077644893492514,INNER_ONLY
1,0,w_Z_longitudinal,64,41,13,0.00026173927473461845,0.00026091479436263844,0.0004002904344020111,0.0004141157066977909,INNER_ONLY
1,0,w_Z_longitudinal,96,41,13,0.0002322445630896476,0.000240869120944914,0.0003442069335106357,0.0003558268745940014,INNER_ONLY
1,0,w_Z_longitudinal,128,41,13,0.00021251793295244917,0.00022846091526513147,0.00031599405002460495,0.000319735787488355,INNER_ONLY
1,1,u_X_transverse,16,40,14,0.009817692111873916,0.019308394119916004,0.06907125760254135,0.07176008841965376,INNER_ONLY
1,1,u_X_transverse,32,40,14,0.0038096043512846596,0.008230447014978635,0.021751484269900957,0.022825462750432332,INNER_ONLY
1,1,u_X_transverse,64,40,14,0.0007188738423425469,0.0016519226546301453,0.003744198342438536,0.00420249805174103,INNER_ONLY
1,1,u_X_transverse,96,40,14,0.0002799410632457657,0.0006387628128044914,0.0016035836683271848,0.0018132072274961602,INNER_ONLY
1,1,u_X_transverse,128,40,14,0.00018974716073793865,0.00044086067172664664,0.0010760887961381626,0.001253276385603639,INNER_ONLY
1,1,v_Y_vertical,16,40,14,0.013904139993639713,0.013789625292293115,0.0156815422640226,0.016228370674912458,INNER_ONLY
1,1,v_Y_vertical,32,40,14,0.005045277582313939,0.005095373455637877,0.005410801477501846,0.005529519759546717,INNER_ONLY
1,1,v_Y_vertical,64,40,14,0.001229512011755684,0.0012275331325167075,0.001363649595701067,0.0013831556832804225,INNER_ONLY
1,1,v_Y_vertical,96,40,14,0.00039198891219055883,0.000384036679553115,0.00043889938064265306,0.00047254134895383343,INNER_ONLY
1,1,v_Y_vertical,128,40,14,0.00027469442042705056,0.00027153214516280024,0.00030984752223279176,0.00034684604162475,INNER_ONLY
1,1,w_Z_longitudinal,16,40,14,0.003491817249851269,0.003962147792989705,0.004900762415868349,0.005032659775616658,INNER_ONLY
1,1,w_Z_longitudinal,32,40,14,0.0009085903221337156,0.0010416015847880236,0.0014327018303676223,0.0014509210509806125,INNER_ONLY
1,1,w_Z_longitudinal,64,40,14,0.00026670299873976044,0.0002632346272426281,0.0003850522332609155,0.0003956338160410635,INNER_ONLY
1,1,w_Z_longitudinal,96,40,14,0.00024196554839449734,0.00024268669363564893,0.00035023049025765786,0.0003661931156953782,INNER_ONLY
1,1,w_Z_longitudinal,128,40,14,0.0002213702556165307,0.00022155591026762556,0.00032010410380111146,0.0003348052957334627,INNER_ONLY
1,2,u_X_transverse,16,41,13,0.009633683319632989,0.010809217783001026,0.061948123412187195,0.07203883214645117,INNER_ONLY
1,2,u_X_transverse,32,41,13,0.00361777600506291,0.0034595434337858317,0.01564337472466741,0.02389364570434638,INNER_ONLY
1,2,u_X_transverse,64,41,13,0.0006846765729698849,0.000683189926769757,0.0036570902055149982,0.007227992215006345,INNER_ONLY
1,2,u_X_transverse,96,41,13,0.00027376387905062065,0.000253054490120313,0.0015341498517660514,0.0034772043303436468,INNER_ONLY
1,2,u_X_transverse,128,41,13,0.00020019887477770544,0.00018976797714148153,0.0010981937891040303,0.0024370868070477014,INNER_ONLY
1,2,v_Y_vertical,16,41,13,0.013890497969252846,0.01411829949451737,0.015527976147356275,0.015887415564178484,INNER_ONLY
1,2,v_Y_vertical,32,41,13,0.0050151269778806,0.005140830771474426,0.005591068948496018,0.005632692162404037,INNER_ONLY
1,2,v_Y_vertical,64,41,13,0.0012106654715815727,0.001171413053826484,0.0013433649785424002,0.0014245846372335808,INNER_ONLY
1,2,v_Y_vertical,96,41,13,0.0003927621296529626,0.0003772058493462321,0.0004528827124228328,0.0004750001851131194,INNER_ONLY
1,2,v_Y_vertical,128,41,13,0.00027821555149327976,0.00025137763022399116,0.00033417919459190594,0.0003394365458635429,INNER_ONLY
1,2,w_Z_longitudinal,16,41,13,0.0035190206854448835,0.0036375101412765296,0.005203761585958888,0.005238164978337433,INNER_ONLY
1,2,w_Z_longitudinal,32,41,13,0.0009283346314727835,0.001142732251264438,0.0015013762721005199,0.0015303817962025324,INNER_ONLY
1,2,w_Z_longitudinal,64,41,13,0.00027100263067576607,0.00026523533829715483,0.00040265445682277005,0.00043506975848160457,INNER_ONLY
1,2,w_Z_longitudinal,96,41,13,0.00024280142208040362,0.000243571535338093,0.0003621463828839269,0.0003889063584667168,INNER_ONLY
1,2,w_Z_longitudinal,128,41,13,0.00022324264515014117,0.00022570861661074025,0.0003325903602684697,0.0003622665444661172,INNER_ONLY
1,3,u_X_transverse,16,40,14,0.010553156917611283,0.018640768018799467,0.07245741524734532,0.07491573909857455,INNER_ONLY
1,3,u_X_transverse,32,40,14,0.003954885964040352,0.008113319675564425,0.023797344604465274,0.024794157637113068,INNER_ONLY
1,3,u_X_transverse,64,40,14,0.0007350242004399904,0.0016022320511359601,0.004279084720185534,0.004288879802665351,INNER_ONLY
1,3,u_X_transverse,96,40,14,0.0002831365863023574,0.0005811587100570956,0.0017681564703353224,0.0017737868843150032,INNER_ONLY
1,3,u_X_transverse,128,40,14,0.00020570446877162516,0.00042940768054680124,0.0012435797844736814,0.00124849027731141,INNER_ONLY
1,3,v_Y_vertical,16,40,14,0.014007376925372806,0.01388094779525419,0.01551631787293026,0.01605248392024143,INNER_ONLY
1,3,v_Y_vertical,32,40,14,0.005090341052990379,0.0052639530804816405,0.005512183286381461,0.005570357241068851,INNER_ONLY
1,3,v_Y_vertical,64,40,14,0.0012287404257934923,0.0012031015508863437,0.0013354170272463746,0.0014215839290611864,INNER_ONLY
1,3,v_Y_vertical,96,40,14,0.000405556659575689,0.00039053525592989686,0.00046213609375568023,0.0004900265070701035,INNER_ONLY
1,3,v_Y_vertical,128,40,14,0.0002907519034916296,0.00027844877871810697,0.0003310702027832607,0.000362005573247822,INNER_ONLY
1,3,w_Z_longitudinal,16,40,14,0.003535607484067695,0.004008477742641086,0.004980510969740827,0.005071292400252204,INNER_ONLY
1,3,w_Z_longitudinal,32,40,14,0.000932577629011759,0.0010759266957024542,0.001476505342616325,0.0015048391114117006,INNER_ONLY
1,3,w_Z_longitudinal,64,40,14,0.0002594618224961343,0.0002852021485433943,0.00040227363373667845,0.0004056959465369039,INNER_ONLY
1,3,w_Z_longitudinal,96,40,14,0.00022834655355931214,0.0002479407109248591,0.0003550174257982965,0.00035628505470656726,INNER_ONLY
1,3,w_Z_longitudinal,128,40,14,0.0002107515336974332,0.0002272772322230221,0.00033053192105099487,0.0003429874567898228,INNER_ONLY
2,0,u_X_transverse,16,41,13,0.010319049591513507,0.028646150780899052,0.06976954863614285,0.07492718391435234,INNER_ONLY
2,0,u_X_transverse,32,41,13,0.00391290472642907,0.012308651751781582,0.02042018653993797,0.025302297908984347,INNER_ONLY
2,0,u_X_transverse,64,41,13,0.0007163381288860882,0.002597573565783892,0.0039264675428370786,0.007211241403197123,INNER_ONLY
2,0,u_X_transverse,96,41,13,0.00030005918287846035,0.0010124235253135747,0.0017230272967338788,0.0036386917605596893,INNER_ONLY
2,0,u_X_transverse,128,41,13,0.0002133841152796454,0.0007277672850584847,0.0011828765592648677,0.002553032445892616,INNER_ONLY
2,0,v_Y_vertical,16,41,13,0.013950924735369056,0.013675961580740928,0.015383329526160899,0.015694782936291854,INNER_ONLY
2,0,v_Y_vertical,32,41,13,0.0050031480821983495,0.004919102797560707,0.005562863440661172,0.0056139825620734095,INNER_ONLY
2,0,v_Y_vertical,64,41,13,0.0012041081723321578,0.0011886211832249588,0.0013101719695563217,0.0013269987447077501,INNER_ONLY
2,0,v_Y_vertical,96,41,13,0.00038658210843827144,0.0003673576563217476,0.00044419463213165217,0.00045874972501696443,INNER_ONLY
2,0,v_Y_vertical,128,41,13,0.00026836103596884764,0.00025285006672067536,0.00030765271437077044,0.00033856149709770265,INNER_ONLY
2,0,w_Z_longitudinal,16,41,13,0.0034751450303356335,0.0032588748937693863,0.005097344296605531,0.00527325844153495,INNER_ONLY
2,0,w_Z_longitudinal,32,41,13,0.0009205503472251674,0.001150321025917552,0.001481259209691868,0.0015332076807668673,INNER_ONLY
2,0,w_Z_longitudinal,64,41,13,0.000264757231417238,0.0002663839026247886,0.00040291267483806705,0.0004201120493423717,INNER_ONLY
2,0,w_Z_longitudinal,96,41,13,0.00023661391550967831,0.00025002197985305726,0.000354956038237382,0.00037412070775969116,INNER_ONLY
2,0,w_Z_longitudinal,128,41,13,0.0002177270293500682,0.00023675327926883923,0.0003240597892353127,0.00033833977100963185,INNER_ONLY
2,1,u_X_transverse,16,40,14,0.01004402828377295,0.01996097944442384,0.06855816529606956,0.07021588268291548,INNER_ONLY
2,1,u_X_transverse,32,40,14,0.0038688309598514654,0.008303869241141034,0.021940918391422225,0.022805394952451746,INNER_ONLY
2,1,u_X_transverse,64,40,14,0.0007263144712089135,0.0016175960212627852,0.0042767741915301395,0.007221028215591105,INNER_ONLY
2,1,u_X_transverse,96,40,14,0.0002835207536490037,0.000595037480796493,0.0018273487388066197,0.0035383585802748405,INNER_ONLY
2,1,u_X_transverse,128,40,14,0.0002014070084532863,0.0004304616023371307,0.0012906867187180097,0.0024366091578251355,INNER_ONLY
2,1,v_Y_vertical,16,40,14,0.013967024411072691,0.013479646047219046,0.015725404886228977,0.015896325402371552,INNER_ONLY
2,1,v_Y_vertical,32,40,14,0.005065960300472953,0.004969095786163269,0.00557191631428137,0.005629904205001209,INNER_ONLY
2,1,v_Y_vertical,64,40,14,0.0012366593527963576,0.0011977888123513075,0.0013872604113275347,0.001434419621277269,INNER_ONLY
2,1,v_Y_vertical,96,40,14,0.00040218424713222786,0.000384000326521757,0.0004564116428149764,0.000479612469756197,INNER_ONLY
2,1,v_Y_vertical,128,40,14,0.00028756548069587475,0.0002715097411446763,0.0003248524138319073,0.0003441494642421744,INNER_ONLY
2,1,w_Z_longitudinal,16,40,14,0.003532051588045362,0.0036014460510847054,0.005019766714183587,0.005192084121107497,INNER_ONLY
2,1,w_Z_longitudinal,32,40,14,0.0009132419803979606,0.0009742441857959271,0.0014472930635136866,0.0014904799720911195,INNER_ONLY
2,1,w_Z_longitudinal,64,40,14,0.0002519600373413416,0.0002519223916583968,0.00038138666416831615,0.0003913220179157342,INNER_ONLY
2,1,w_Z_longitudinal,96,40,14,0.00022375193556829645,0.00022829209323755562,0.0003409229455645528,0.0003517034830959445,INNER_ONLY
2,1,w_Z_longitudinal,128,40,14,0.000206108218113707,0.0002119854949615195,0.0003139785412557025,0.00032234841387326105,INNER_ONLY
2,2,u_X_transverse,16,41,13,0.009084006609310271,0.009492085619479047,0.059075624454027566,0.06780266434938745,INNER_ONLY
2,2,u_X_transverse,32,41,13,0.0035985851107119622,0.0033562759739505636,0.019983784297160793,0.022033270527866845,INNER_ONLY
2,2,u_X_transverse,64,41,13,0.000691525918519804,0.0006734644045418045,0.0036253336287598494,0.00425696391412958,INNER_ONLY
2,2,u_X_transverse,96,41,13,0.00026268332493952303,0.00025659375489781066,0.0015295848020406505,0.0018101660328335672,INNER_ONLY
2,2,u_X_transverse,128,41,13,0.00018660244916670073,0.00018800643327076028,0.0010759610777555631,0.0012886529946078379,INNER_ONLY
2,2,v_Y_vertical,16,41,13,0.013972507168786688,0.014257572867999474,0.015602032700007883,0.016208690739524877,INNER_ONLY
2,2,v_Y_vertical,32,41,13,0.004990654067653969,0.004939380716345126,0.005456849156842638,0.005649713150636217,INNER_ONLY
2,2,v_Y_vertical,64,41,13,0.0012195251712143402,0.0011839901052645772,0.0013682675871160926,0.0014550179393114013,INNER_ONLY
2,2,v_Y_vertical,96,41,13,0.00039628568629038744,0.00036558430078944914,0.0004653780072966348,0.0004843785146943027,INNER_ONLY
2,2,v_Y_vertical,128,41,13,0.00028054925816701034,0.0002616501584752887,0.000320240650688254,0.0003404545421188042,INNER_ONLY
2,2,w_Z_longitudinal,16,41,13,0.0033982124063600488,0.0035774330046369034,0.005040338100752404,0.005208816729464426,INNER_ONLY
2,2,w_Z_longitudinal,32,41,13,0.0008761116472198136,0.0008178055259323337,0.0014462320070094041,0.0015163275706069146,INNER_ONLY
2,2,w_Z_longitudinal,64,41,13,0.0002497110493145798,0.00025609572863344754,0.00038074683872733515,0.0003840950513233457,INNER_ONLY
2,2,w_Z_longitudinal,96,41,13,0.00022223458074425488,0.00022999479969097692,0.00033741963525632,0.00034881266680662667,INNER_ONLY
2,2,w_Z_longitudinal,128,41,13,0.0002026585709465937,0.00020608259849735108,0.00030785378707859964,0.00031581024348990416,INNER_ONLY
2,3,u_X_transverse,16,40,14,0.010569247032092324,0.021602981131159868,0.07198266076638757,0.07372567466250668,INNER_ONLY
2,3,u_X_transverse,32,40,14,0.003931492715350663,0.008948572683558576,0.02487044711355772,0.025320603965253152,INNER_ONLY
2,3,u_X_transverse,64,40,14,0.0007329935155238255,0.0016695657149220567,0.004509106286135497,0.0045284665515594475,INNER_ONLY
2,3,u_X_transverse,96,40,14,0.00028901208067176474,0.0006347444714329038,0.0018430996245675337,0.0018565475901405175,INNER_ONLY
2,3,u_X_transverse,128,40,14,0.00020591013851068365,0.0004699911645492013,0.001297443270665401,0.0013033360909089796,INNER_ONLY
2,3,v_Y_vertical,16,40,14,0.013963797661624018,0.013644737262638155,0.015733221695482746,0.01592129062014639,INNER_ONLY
2,3,v_Y_vertical,32,40,14,0.005138421222503199,0.0051081819374712385,0.005713903706679486,0.005846291151752957,INNER_ONLY
2,3,v_Y_vertical,64,40,14,0.001231461049313124,0.0012341453123095017,0.0013495880829951087,0.0013738187058900673,INNER_ONLY
2,3,v_Y_vertical,96,40,14,0.0004031584168506773,0.00039028523178328504,0.0004607483614687851,0.00047402488620759795,INNER_ONLY
2,3,v_Y_vertical,128,40,14,0.0002784710652484094,0.00026790048226117545,0.00032396795717841713,0.00032649395776784205,INNER_ONLY
2,3,w_Z_longitudinal,16,40,14,0.003653093538837123,0.004652974400132283,0.005124644198658962,0.005323682415790173,INNER_ONLY
2,3,w_Z_longitudinal,32,40,14,0.0009746069818672631,0.0013979051048959858,0.001503644534588071,0.0015289346247277043,INNER_ONLY
2,3,w_Z_longitudinal,64,40,14,0.0002768234835270697,0.00035726315642734495,0.0004264139727412582,0.0004453442344260288,INNER_ONLY
2,3,w_Z_longitudinal,96,40,14,0.00024820308462519786,0.00032288992301455057,0.00038132742752945855,0.0004088355302406875,INNER_ONLY
2,3,w_Z_longitudinal,128,40,14,0.00022882390767184176,0.0002928098301536188,0.0003536557712023395,0.000377234992019819,INNER_ONLY
3,0,u_X_transverse,16,41,14,0.0094322014868972,0.01006520670826028,0.057579833759052686,0.07067004063012139,INNER_ONLY
3,0,u_X_transverse,32,41,14,0.0035872302201749094,0.003218329712122624,0.016249766228657016,0.022572909338889908,INNER_ONLY
3,0,u_X_transverse,64,41,14,0.0006694289766528034,0.0006393882198935301,0.003497722413762064,0.007229251823090997,INNER_ONLY
3,0,u_X_transverse,96,41,14,0.0002830646988583763,0.00026887543304415036,0.0015888480803245173,0.003810577277803765,INNER_ONLY
3,0,u_X_transverse,128,41,14,0.00020201401386533895,0.00021348210409294615,0.0011051747147993913,0.0026273509943758586,INNER_ONLY
3,0,v_Y_vertical,16,41,14,0.01407675371845446,0.014484675628864158,0.01551640355499099,0.016425627104831846,INNER_ONLY
3,0,v_Y_vertical,32,41,14,0.00504593653241601,0.0050831791209246975,0.005524733135978436,0.0056490577079135506,INNER_ONLY
3,0,v_Y_vertical,64,41,14,0.0012177623724267464,0.001160222546682019,0.0014312629471278458,0.0014547728667066967,INNER_ONLY
3,0,v_Y_vertical,96,41,14,0.00040336269356732043,0.0003897528287431924,0.0004712229400105019,0.000503991357648994,INNER_ONLY
3,0,v_Y_vertical,128,41,14,0.0002900414814708794,0.00028388383957855183,0.00033444246701543073,0.0003569602703733261,INNER_ONLY
3,0,w_Z_longitudinal,16,41,14,0.0034736159486506,0.0033849251070220973,0.005081970355063631,0.005104337461309963,INNER_ONLY
3,0,w_Z_longitudinal,32,41,14,0.0009133892885538658,0.0010334094036015188,0.00144861272855171,0.0014664602386620805,INNER_ONLY
3,0,w_Z_longitudinal,64,41,14,0.0002623385140133005,0.0002616398961908862,0.00039319274177452066,0.00041859627893319233,INNER_ONLY
3,0,w_Z_longitudinal,96,41,14,0.000233220897374386,0.00023957290391378507,0.00035395493935939395,0.0003753188508238174,INNER_ONLY
3,0,w_Z_longitudinal,128,41,14,0.00021553121670749112,0.00022266860217067406,0.00033528553376405325,0.0003494782419674853,INNER_ONLY
3,1,u_X_transverse,16,41,14,0.010831971913925494,0.03151297679767419,0.06647875816799416,0.0673980245517771,INNER_ONLY
3,1,u_X_transverse,32,41,14,0.004027472335749789,0.014603733910504148,0.02044941362189707,0.021271226072862574,INNER_ONLY
3,1,u_X_transverse,64,41,14,0.0007602942231256475,0.002798701360925971,0.0036867369035413888,0.004106725759525353,INNER_ONLY
3,1,u_X_transverse,96,41,14,0.00033238582627397023,0.0011578616888573592,0.0017100191834474106,0.0019123587648497318,INNER_ONLY
3,1,u_X_transverse,128,41,14,0.00023772413366101016,0.0008466242582757136,0.0011952827102948958,0.0013693295856292385,INNER_ONLY
3,1,v_Y_vertical,16,41,14,0.013500962818803603,0.012908682316690998,0.015000903455555794,0.016384159866800533,INNER_ONLY
3,1,v_Y_vertical,32,41,14,0.004988875600084568,0.005009765328944643,0.005376796358330348,0.005535036196653031,INNER_ONLY
3,1,v_Y_vertical,64,41,14,0.0012136759627682998,0.0012227246852400551,0.0013370675364512126,0.0014223894858929477,INNER_ONLY
3,1,v_Y_vertical,96,41,14,0.0003972454159732483,0.0003726042001997783,0.00045908868244315615,0.00048641707659894605,INNER_ONLY
3,1,v_Y_vertical,128,41,14,0.00028392341632051045,0.0002646708368749584,0.0003389319993727101,0.00035419652567239145,INNER_ONLY
3,1,w_Z_longitudinal,16,41,14,0.0035545613378684597,0.0043672602454183085,0.0049156519961444855,0.004990861128955865,INNER_ONLY
3,1,w_Z_longitudinal,32,41,14,0.0009477597971834532,0.0013354087704987008,0.0013943136012645285,0.001449632565157764,INNER_ONLY
3,1,w_Z_longitudinal,64,41,14,0.0002756797426840543,0.0003168006937359489,0.00036970504994041857,0.0003749638359863005,INNER_ONLY
3,1,w_Z_longitudinal,96,41,14,0.0002465475878561298,0.0002879010637088335,0.0003333542113500959,0.0003379985868376569,INNER_ONLY
3,1,w_Z_longitudinal,128,41,14,0.00022561795485618864,0.0002671461426071983,0.00031198363407335117,0.00031560956414696835,INNER_ONLY
3,2,u_X_transverse,16,42,13,0.009107766305304344,0.00947812342943326,0.06491762476870552,0.07439814106805934,INNER_ONLY
3,2,u_X_transverse,32,42,13,0.003300456000660816,0.00295734022149113,0.022086448714840886,0.024411149906531194,INNER_ONLY
3,2,u_X_transverse,64,42,13,0.0006092893303255728,0.0006102659375638586,0.0036385027634326947,0.0041866525759320615,INNER_ONLY
3,2,u_X_transverse,96,42,13,0.00023098987920337034,0.00023815663743287154,0.0015135514878310264,0.0017393672107627522,INNER_ONLY
3,2,u_X_transverse,128,42,13,0.00016350616793950345,0.00017031156433165013,0.0010809580931781914,0.0012606519194837621,INNER_ONLY
3,2,v_Y_vertical,16,42,13,0.01341115526691858,0.013127200576303948,0.015051759644585333,0.01524643084133282,INNER_ONLY
3,2,v_Y_vertical,32,42,13,0.004882242113020272,0.00510940292760398,0.005369482426993957,0.005426648973992541,INNER_ONLY
3,2,v_Y_vertical,64,42,13,0.0011646654721921086,0.0011524607630586505,0.0012548224472870508,0.001289090666015982,INNER_ONLY
3,2,v_Y_vertical,96,42,13,0.00037593339154438774,0.00035227249054433176,0.00043296363203668587,0.0004585732742019731,INNER_ONLY
3,2,v_Y_vertical,128,42,13,0.00027043711018767273,0.00026086806426390923,0.0003076289640260239,0.00033987141662166967,INNER_ONLY
3,2,w_Z_longitudinal,16,42,13,0.003390609549195862,0.004866833461232862,0.005040724344444037,0.005043549224702701,INNER_ONLY
3,2,w_Z_longitudinal,32,42,13,0.0009193066744334549,0.0013368961136961378,0.0014523695108898391,0.0014901365879887547,INNER_ONLY
3,2,w_Z_longitudinal,64,42,13,0.0002610197860066963,0.0002904813502118351,0.0003955298971295892,0.0004146312407353737,INNER_ONLY
3,2,w_Z_longitudinal,96,42,13,0.00023196722158458626,0.0002728543159990467,0.00035198790152554026,0.00036740006583519053,INNER_ONLY
3,2,w_Z_longitudinal,128,42,13,0.00021200355052011988,0.00025568946949773694,0.0003224192027697544,0.0003318450508080629,INNER_ONLY
3,3,u_X_transverse,16,41,14,0.011181450074263721,0.0341056059695245,0.07088964133932131,0.07322308939731186,INNER_ONLY
3,3,u_X_transverse,32,41,14,0.004238182800235646,0.015974768372887513,0.022255849745902726,0.023173776671579265,INNER_ONLY
3,3,u_X_transverse,64,41,14,0.0007991738933070041,0.0029833964882278333,0.004094226060392863,0.004120060833379753,INNER_ONLY
3,3,u_X_transverse,96,41,14,0.0003376940614684611,0.0012516640502114474,0.0018061740725616707,0.0018423427668012473,INNER_ONLY
3,3,u_X_transverse,128,41,14,0.00024762701415103613,0.0009192473815086723,0.0012922894328219869,0.0013182973138742835,INNER_ONLY
3,3,v_Y_vertical,16,41,14,0.014075985591403104,0.013469189669161198,0.01663532738114848,0.01671931268456793,INNER_ONLY
3,3,v_Y_vertical,32,41,14,0.005097222266699445,0.005009408149249106,0.0058817235800163615,0.006002582967292977,INNER_ONLY
3,3,v_Y_vertical,64,41,14,0.0012392419564470124,0.0011675588745029132,0.0014940258405191024,0.0015475071515315662,INNER_ONLY
3,3,v_Y_vertical,96,41,14,0.00040932035155108606,0.0003839650453821493,0.0004846123943091225,0.0005270244424348541,INNER_ONLY
3,3,v_Y_vertical,128,41,14,0.00029095883402027224,0.000273480200585778,0.0003464181577122689,0.0003725612366315484,INNER_ONLY
3,3,w_Z_longitudinal,16,41,14,0.0035443811917738547,0.004060199652386592,0.00481976874291618,0.0049406811807660425,INNER_ONLY
3,3,w_Z_longitudinal,32,41,14,0.0009327061305274951,0.0010881693184435744,0.0014294267420199597,0.001442024063670119,INNER_ONLY
3,3,w_Z_longitudinal,64,41,14,0.0002614220995723021,0.0002836833757267859,0.00038279788306968713,0.00038725527736452905,INNER_ONLY
3,3,w_Z_longitudinal,96,41,14,0.00023316167233272512,0.0002492779355164181,0.00033555279257489946,0.00034497601865415064,INNER_ONLY
3,3,w_Z_longitudinal,128,41,14,0.0002143650375930006,0.0002286823687673723,0.0003076993551062844,0.00031925172110845967,INNER_ONLY
4,0,u_X_transverse,16,41,14,0.010123177068114884,0.02117835959307587,0.05687908993280113,0.07294017848897363,INNER_ONLY
4,0,u_X_transverse,32,41,14,0.003734686151671096,0.009157672202740665,0.019348360999407576,0.02344329886751559,INNER_ONLY
4,0,u_X_transverse,64,41,14,0.0007063596280770266,0.001705501612444584,0.0035221693753932836,0.004212824786927523,INNER_ONLY
4,0,u_X_transverse,96,41,14,0.00029200657421818763,0.0006552620843335592,0.0014725049629121848,0.001770470589896067,INNER_ONLY
4,0,u_X_transverse,128,41,14,0.00021424868233571159,0.0004813183547275509,0.0010406839059226,0.0012616320993400598,INNER_ONLY
4,0,v_Y_vertical,16,41,14,0.013602086992332679,0.01340515258884546,0.015099013718620186,0.015497396823356593,INNER_ONLY
4,0,v_Y_vertical,32,41,14,0.004938984527353985,0.005043739011400484,0.005417641451800722,0.0055124319259560635,INNER_ONLY
4,0,v_Y_vertical,64,41,14,0.0011895578933057986,0.0011962585976994838,0.001287423840910672,0.0013768950449038653,INNER_ONLY
4,0,v_Y_vertical,96,41,14,0.0003889303799952049,0.0003706677197572157,0.0004405709767489845,0.00047883296927310367,INNER_ONLY
4,0,v_Y_vertical,128,41,14,0.0002752769513300325,0.00026064086455862296,0.0003031872402921417,0.00035931550572615434,INNER_ONLY
4,0,w_Z_longitudinal,16,41,14,0.0033834324107398154,0.004097274319862226,0.005114901539831034,0.005184915873748655,INNER_ONLY
4,0,w_Z_longitudinal,32,41,14,0.0009102407103819385,0.0010295249390971939,0.0014926250231593245,0.0015222573262866812,INNER_ONLY
4,0,w_Z_longitudinal,64,41,14,0.0002522934658163385,0.00024963431836131256,0.0003843931693017982,0.00039160070390678364,INNER_ONLY
4,0,w_Z_longitudinal,96,41,14,0.00022303974646833708,0.000227083598841417,0.00033907189901563747,0.0003489091172651707,INNER_ONLY
4,0,w_Z_longitudinal,128,41,14,0.000207460275794435,0.00021251633141066076,0.00031382906038271,0.0003204469717133368,INNER_ONLY
4,1,u_X_transverse,16,41,14,0.010379895845444234,0.03023351478577277,0.06918469215591103,0.07097479062156299,INNER_ONLY
4,1,u_X_transverse,32,41,14,0.0039784795850631655,0.013740034262399439,0.021910342914767286,0.022537616276994955,INNER_ONLY
4,1,u_X_transverse,64,41,14,0.0007478078518651166,0.0027438968748034385,0.00411950579868215,0.0072110985680008365,INNER_ONLY
4,1,u_X_transverse,96,41,14,0.000302029968328607,0.0010996664760935398,0.0018562108509279295,0.0036186717938876743,INNER_ONLY
4,1,u_X_transverse,128,41,14,0.00021876985053912517,0.0008213840000825378,0.0013331944322679137,0.0025369990899147465,INNER_ONLY
4,1,v_Y_vertical,16,41,14,0.013989914779749556,0.013907845843554364,0.01597383468624608,0.016565216341408163,INNER_ONLY
4,1,v_Y_vertical,32,41,14,0.005016798389081137,0.004970366174784271,0.005542633030574581,0.00589233824630292,INNER_ONLY
4,1,v_Y_vertical,64,41,14,0.0012211464827739883,0.001136570063056279,0.001418132628795912,0.0015307472934303484,INNER_ONLY
4,1,v_Y_vertical,96,41,14,0.0003936069307384442,0.00036267117840698787,0.00045685148145387994,0.0005143823329728471,INNER_ONLY
4,1,v_Y_vertical,128,41,14,0.00027715253437456464,0.0002450993569963099,0.0003309036445309252,0.000360260941478389,INNER_ONLY
4,1,w_Z_longitudinal,16,41,14,0.0035646834525342465,0.004006642783894741,0.0047503983902994285,0.0050880798116566825,INNER_ONLY
4,1,w_Z_longitudinal,32,41,14,0.0009415868322000799,0.0012792753513914017,0.0013758290614253696,0.0014712198985545495,INNER_ONLY
4,1,w_Z_longitudinal,64,41,14,0.00027016026750060357,0.0002934148497576527,0.0003838102805786937,0.0003985693669815653,INNER_ONLY
4,1,w_Z_longitudinal,96,41,14,0.00024286761106592477,0.00026394673618172223,0.00034661055957443276,0.0003563449396009598,INNER_ONLY
4,1,w_Z_longitudinal,128,41,14,0.00022222025924315886,0.0002426800556139671,0.000324149524139136,0.0003337916766072619,INNER_ONLY
4,2,u_X_transverse,16,42,13,0.01013355157839354,0.03004411422352798,0.06877667401359558,0.07384915124112444,INNER_ONLY
4,2,u_X_transverse,32,42,13,0.003889815859280665,0.013777730618798781,0.0214880680672143,0.02338055796493181,INNER_ONLY
4,2,u_X_transverse,64,42,13,0.0007176620058043223,0.0026421130737328256,0.0036764703462996784,0.004085880347940066,INNER_ONLY
4,2,u_X_transverse,96,42,13,0.00029510412038932375,0.001007594769772136,0.001605236243741995,0.0017874923029022832,INNER_ONLY
4,2,u_X_transverse,128,42,13,0.00022074823909517638,0.0007173167489447035,0.0010960301003907586,0.0012583466555612128,INNER_ONLY
4,2,v_Y_vertical,16,42,13,0.013946775631408455,0.013371376360090814,0.01618228577484765,0.016494425771013867,INNER_ONLY
4,2,v_Y_vertical,32,42,13,0.005003239032363296,0.004781989708833857,0.00556562579386421,0.0058314633312273115,INNER_ONLY
4,2,v_Y_vertical,64,42,13,0.0012095245468753731,0.001142327273627739,0.0013744632323897518,0.0015099532979791445,INNER_ONLY
4,2,v_Y_vertical,96,42,13,0.0003823604314285433,0.00034629015353587094,0.0004254216440648492,0.0004869884484850962,INNER_ONLY
4,2,v_Y_vertical,128,42,13,0.0002872699429046631,0.0002563458129062623,0.00032807022663814593,0.0003685149095713118,INNER_ONLY
4,2,w_Z_longitudinal,16,42,13,0.0034889477065125985,0.004611584063346642,0.004861900090142434,0.005000727911032506,INNER_ONLY
4,2,w_Z_longitudinal,32,42,13,0.0009184977338633288,0.0013420013407202528,0.0014219582110467392,0.0014493650562815582,INNER_ONLY
4,2,w_Z_longitudinal,64,42,13,0.00025969931535839246,0.0002671678492336193,0.0003832981374181687,0.00039090661714127634,INNER_ONLY
4,2,w_Z_longitudinal,96,42,13,0.0002325892087922352,0.0002446389313425215,0.00033567601363669234,0.0003412818612692825,INNER_ONLY
4,2,w_Z_longitudinal,128,42,13,0.00021294697259495985,0.00022841152427422154,0.0003044229091985197,0.00031283449267330467,INNER_ONLY
4,3,u_X_transverse,16,41,14,0.009766102250292634,0.010152988643286849,0.06737499776302976,0.07457318172533227,INNER_ONLY
4,3,u_X_transverse,32,41,14,0.0035948290153219806,0.003494268452159962,0.02166390961818483,0.024068443009502526,INNER_ONLY
4,3,u_X_transverse,64,41,14,0.000673516376598399,0.0006587025011111578,0.004091512959080083,0.007202739977954599,INNER_ONLY
4,3,u_X_transverse,96,41,14,0.00026811498317533413,0.00026432994475758087,0.001718019658333432,0.003364642473931434,INNER_ONLY
4,3,u_X_transverse,128,41,14,0.00018721530684964304,0.00018558615358476845,0.001205587492041621,0.002356982598945644,INNER_ONLY
4,3,v_Y_vertical,16,41,14,0.013713687602121095,0.013259877662588475,0.01563853858302194,0.01599913439076441,INNER_ONLY
4,3,v_Y_vertical,32,41,14,0.005048114211184239,0.005151256871587266,0.005457905551135194,0.00572797595054235,INNER_ONLY
4,3,v_Y_vertical,64,41,14,0.0012159762982298407,0.0011922949526946198,0.0013130674898274458,0.0014456642859389907,INNER_ONLY
4,3,v_Y_vertical,96,41,14,0.0003956752932941965,0.00037531947654942627,0.00045271176923167164,0.00046258024046299433,INNER_ONLY
4,3,v_Y_vertical,128,41,14,0.0002798111052657607,0.00027452640111198204,0.00032246323220318094,0.0003361515913733193,INNER_ONLY
4,3,w_Z_longitudinal,16,41,14,0.0036112550043958607,0.004047619170672198,0.0050469823746325465,0.005081398358656342,INNER_ONLY
4,3,w_Z_longitudinal,32,41,14,0.0009629528065297063,0.0012327880121213214,0.0014692342028775481,0.0014789827199859175,INNER_ONLY
4,3,w_Z_longitudinal,64,41,14,0.0002646140582941972,0.0003088773703869851,0.0003914287999982499,0.00040186282353796916,INNER_ONLY
4,3,w_Z_longitudinal,96,41,14,0.00023475812487177457,0.00027971752787164144,0.0003496149416743264,0.0003537836236410908,INNER_ONLY
4,3,w_Z_longitudinal,128,41,14,0.00021699331514197544,0.0002588285100902515,0.00032381065598788804,0.00033016589899112665,INNER_ONLY
