epoch,elapsed_s,lr,loss,qfield_loss,vfield_loss,q32_loss,v32_loss,gradient_norm,score,peak_vram_GiB,displacement_X_relative_l2,displacement_Y_relative_l2,displacement_Z_relative_l2,velocity_X_relative_l2,velocity_Y_relative_l2,velocity_Z_relative_l2,rotation_X_relative_l2,rotation_Y_relative_l2,rotation_Z_relative_l2,rotation_rate_X_relative_l2,rotation_rate_Y_relative_l2,rotation_rate_Z_relative_l2,physical_q_relative_l2,physical_qdot_relative_l2,hard_BC_max_abs,finite
0,0.5470703999963007,0.0,2.579723358154297,1.0407203435897827,1.0227349996566772,1.0527894496917725,1.0122822523117065,0.0,5.851461858726684,1.9214520454406738,1.0760977268218994,0.9909115433692932,0.8594692349433899,1.0221819877624512,1.0027580261230469,1.0174963474273682,0.9270708560943604,1.1203715801239014,1.1163884401321411,1.003816843032837,1.0149198770523071,1.0044841766357422,0.8961516524761277,1.0152270409190807,0.0,True
1,0.9507268999950611,0.00016,2.579723358154297,1.0407203435897827,1.0227349996566772,1.0527894496917725,1.012282371520996,2.9380266666412354,5.797601317426769,2.185873508453369,1.0390161275863647,0.9773992896080017,0.8625433444976807,1.018601655960083,1.000935673713684,1.0163354873657227,0.9221904873847961,1.1096149682998657,1.104393482208252,1.003523588180542,1.0137327909469604,1.0042616128921509,0.8942343116771369,1.0129436710756803,0.0,True
5,1.3457406999950763,0.0008,2.341001033782959,0.8507424592971802,1.0032731294631958,0.9408926367759705,1.0070487260818481,1.8823717832565308,5.205546700350878,2.185873508453369,0.8152968883514404,0.7605078816413879,0.8330284953117371,0.9899862408638,0.9813025593757629,1.0058428049087524,0.8397842645645142,1.0388381481170654,0.9879880547523499,1.000952124595642,1.0070592164993286,1.002764344215393,0.8132033740682453,0.9898885168078192,0.0,True
10,1.800765499996487,0.0007978896645755696,1.9756419658660889,0.5618646144866943,0.9740195870399475,0.7536022067070007,1.0054290294647217,2.7771482467651367,4.214871646761188,2.185873508453369,0.6751886606216431,0.46901121735572815,0.590735673904419,0.9537817239761353,0.9497351050376892,0.9882574677467346,0.6346774697303772,0.9084944725036621,0.8947454690933228,0.9992605447769165,1.0034550428390503,1.0024230480194092,0.5583060414671489,0.9514858100639387,0.0,True
15,2.242906100000255,0.0007915834000556312,1.7045278549194336,0.3512616455554962,0.9399357438087463,0.6615294814109802,0.9917923212051392,3.1428020000457764,3.4318565348991275,2.185873508453369,0.5647898316383362,0.32049277424812317,0.35866880416870117,0.9062597155570984,0.9067407250404358,0.9686384797096252,0.4696049392223358,0.6235600709915161,0.8664670586585999,0.9988644123077393,1.005837321281433,1.0015403032302856,0.34560467951698126,0.9029619703468119,0.0,True
20,2.6752739999938058,0.0007811551416258089,1.5152757167816162,0.22453810274600983,0.9032205939292908,0.5819700360298157,0.9680980443954468,1.811947226524353,2.8443894343710334,2.185873508453369,0.4880543053150177,0.23166488111019135,0.1858483999967575,0.8697482347488403,0.8549607992172241,0.9359003901481628,0.3461112976074219,0.36466720700263977,0.8224287033081055,0.9972984790802002,1.0083634853363037,1.0011849403381348,0.190360546951027,0.8363131778818531,0.0,True
25,3.1322801999995136,0.0007667271510815446,1.3877522945404053,0.16961367428302765,0.8766869902610779,0.43403130769729614,0.9317755103111267,0.9645875096321106,2.656892635461852,2.185873508453369,0.4219329357147217,0.20572106540203094,0.1703851968050003,0.8594778776168823,0.8309338092803955,0.9004964828491211,0.333633154630661,0.3108205199241638,0.7157843708992004,0.993496298789978,1.0016406774520874,0.9977783560752869,0.1695991762326278,0.787600352868544,0.0,True
30,3.696602799995162,0.0007484685834203322,1.2879977226257324,0.13513284921646118,0.8506361246109009,0.3266894221305847,0.8822258114814758,0.7168433666229248,2.3739019039590494,2.185873508453369,0.3874751627445221,0.17715893685817719,0.0876198261976242,0.8716479539871216,0.8075328469276428,0.8413559794425964,0.29140761494636536,0.26686447858810425,0.659911036491394,0.9848535656929016,0.9934186339378357,0.9944785237312317,0.10304757971596969,0.7166640165281523,0.0,True
35,4.176393099995039,0.0007265935036540318,1.2023576498031616,0.11618196964263916,0.8183913826942444,0.24796411395072937,0.8231730461120605,0.5649489164352417,2.2012237119181153,2.185873508453369,0.3313591480255127,0.16714893281459808,0.0768648013472557,0.8807397484779358,0.7879592776298523,0.7670165300369263,0.28633353114128113,0.22622109949588776,0.6352068781852722,0.959940493106842,0.9839622378349304,0.9926412105560303,0.08936287464942738,0.6372603540179287,0.0,True
40,4.749338999994507,0.0007013583770923271,1.115494728088379,0.10276336967945099,0.7723586559295654,0.20121189951896667,0.7602787017822266,0.49739834666252136,2.0487609553462245,2.185873508453369,0.29161471128463745,0.15967214107513428,0.07705939561128616,0.8776739835739136,0.7699277400970459,0.6732747554779053,0.28164857625961304,0.19911305606365204,0.6076422929763794,0.9068698883056641,0.9730022549629211,0.9889578223228455,0.08543538244845764,0.5490821707045533,0.0,True
45,5.2781025000003865,0.000673059062521458,1.0235024690628052,0.09477336704730988,0.7137562036514282,0.1713584065437317,0.6885331869125366,0.5188148617744446,1.9159848704091533,2.185873508453369,0.26612749695777893,0.15275423228740692,0.08199045062065125,0.8450826406478882,0.7558808922767639,0.5814195275306702,0.271128386259079,0.1892346292734146,0.5908370614051819,0.8298712968826294,0.9638576507568359,0.9844881892204285,0.08608934013673149,0.4756636403578473,0.0,True
50,5.806296299997484,0.0006420273435304578,0.9412696361541748,0.0882217288017273,0.6613981127738953,0.15376724302768707,0.6128320693969727,0.424579381942749,1.7837747918310671,2.185873508453369,0.2508341073989868,0.1455436646938324,0.07581716775894165,0.8049290180206299,0.7452945709228516,0.5015939474105835,0.2598574161529541,0.1890690177679062,0.5723517537117004,0.7647220492362976,0.9560754895210266,0.9793668389320374,0.07907089978873792,0.4132003680270717,0.0,True
55,6.25615889999608,0.0006086270386519245,0.8705692291259766,0.08085063844919205,0.6213451623916626,0.14047814905643463,0.5330154895782471,0.3534088730812073,1.666589274418622,2.185873508453369,0.22696787118911743,0.14709214866161346,0.07009796798229218,0.7686342000961304,0.7374776601791382,0.4305603504180908,0.25451815128326416,0.1824953407049179,0.5482664108276367,0.7208938002586365,0.9477307200431824,0.9737977385520935,0.07713737657906619,0.35391560931970584,0.0,True
60,6.671351199998753,0.0005732497359223691,0.8175573945045471,0.07480453699827194,0.5935689210891724,0.12910984456539154,0.4676259160041809,0.29479408264160156,1.5631688148486247,2.185873508453369,0.21323581039905548,0.13776269555091858,0.061574265360832214,0.7509909272193909,0.7301939129829407,0.37585002183914185,0.24416883289813995,0.1737918257713318,0.5320558547973633,0.6854134202003479,0.9414457678794861,0.9682515263557434,0.06771679044343351,0.3087236441472966,0.0,True
65,7.0610473999986425,0.0005363102018705197,0.7785351872444153,0.06946618109941483,0.5734225511550903,0.1196984052658081,0.4228874146938324,0.23866857588291168,1.491594154759797,2.185873508453369,0.20332831144332886,0.12935678660869598,0.05608810484409332,0.7406843304634094,0.7214480042457581,0.3415270745754242,0.23693835735321045,0.1664535254240036,0.5153440833091736,0.6570088267326355,0.9358729720115662,0.9616749286651611,0.06059583925866621,0.2807908159254333,0.0,True
70,7.514762499995413,0.0004982415187589954,0.7490223050117493,0.06493094563484192,0.5586443543434143,0.11157365143299103,0.3902142643928528,0.20499177277088165,1.442668849479547,2.185873508453369,0.1916869580745697,0.12562939524650574,0.05352729186415672,0.7299461960792542,0.7133936882019043,0.3223544955253601,0.23163238167762756,0.15985089540481567,0.5000068545341492,0.6417137980461121,0.9299843311309814,0.9553632736206055,0.05805262773626423,0.2618507733095826,0.0,True
75,7.940745599997172,0.0004594900070907504,0.7267662286758423,0.06142861768603325,0.5475407838821411,0.10445614904165268,0.36673131585121155,0.17035707831382751,1.4079923723415229,2.185873508453369,0.18353955447673798,0.12323998659849167,0.05156068131327629,0.7193984389305115,0.7067525386810303,0.3103159964084625,0.22714556753635406,0.1570497453212738,0.4865000247955322,0.6327903866767883,0.9255180358886719,0.949179470539093,0.05658974741856546,0.24965783104889874,0.0,True
80,8.406368399999337,0.00042050999290924973,0.7091028690338135,0.058485325425863266,0.5383850336074829,0.09861321747303009,0.3503168821334839,0.1505066156387329,1.3751159047487422,2.185873508453369,0.17666509747505188,0.11854363232851028,0.04900086671113968,0.7111167907714844,0.7002350687980652,0.3026376962661743,0.22286690771579742,0.1546955108642578,0.47544169425964355,0.6260150074958801,0.9220653772354126,0.9425458312034607,0.05327630525318954,0.24127045012597814,0.0,True
85,8.88183079999726,0.00038175848124100473,0.694251298904419,0.05588482320308685,0.5302897095680237,0.09379313141107559,0.33851397037506104,0.13935519754886627,1.3536352640884077,2.185873508453369,0.1717604398727417,0.11616747826337814,0.048208657652139664,0.702782154083252,0.694359302520752,0.29708218574523926,0.21980926394462585,0.15351861715316772,0.4636256992816925,0.6211110949516296,0.9184921979904175,0.9362221956253052,0.05260424717035371,0.23556523991034614,0.0,True
90,9.351860700000543,0.00034368979812948047,0.6813822984695435,0.05365900322794914,0.5226607918739319,0.08985362201929092,0.33039620518684387,0.13148421049118042,1.3358220192825179,2.185873508453369,0.1676841676235199,0.11410285532474518,0.04769071191549301,0.6953234076499939,0.6885287761688232,0.29290059208869934,0.2168354094028473,0.15221889317035675,0.45341989398002625,0.6167184114456177,0.9148996472358704,0.9297067523002625,0.05217453079061351,0.23158673134877633,0.0,True
95,9.85330729999987,0.00030675026407763086,0.6700519323348999,0.05171830207109451,0.5155851244926453,0.08662686496973038,0.32436713576316833,0.1263788342475891,1.3190074814672939,2.185873508453369,0.16405513882637024,0.11123236268758774,0.04765940457582474,0.6882491707801819,0.6826304793357849,0.29003334045410156,0.2140476554632187,0.15044982731342316,0.44486069679260254,0.6133337020874023,0.9115625619888306,0.923271119594574,0.05147989899501117,0.22824836219493164,0.0,True
100,10.371615899995959,0.0002713729613480756,0.6600353121757507,0.05008179321885109,0.5090644359588623,0.08365706354379654,0.31989923119544983,0.1245541200041771,1.3033791472085918,2.185873508453369,0.16054698824882507,0.10882296413183212,0.0473085418343544,0.6815849542617798,0.6770954728126526,0.2878045439720154,0.21165694296360016,0.14870738983154297,0.4377867877483368,0.6107388138771057,0.908308207988739,0.9170746803283691,0.050717622749414853,0.225481089441883,0.0,True
105,10.901152899998124,0.0002379726564695424,0.6511355042457581,0.048688601702451706,0.5030812621116638,0.0810265988111496,0.3164360225200653,0.12164407223463058,1.2894888776590356,2.185873508453369,0.1574138104915619,0.10643739998340607,0.04722912237048149,0.6754831075668335,0.6720635294914246,0.285811185836792,0.20967544615268707,0.14704649150371552,0.43173274397850037,0.6083553433418274,0.9053481221199036,0.9111816883087158,0.05004555134145963,0.22336816404920307,0.0,True
110,11.371587999994517,0.00020694093747854208,0.6432472467422485,0.047475166618824005,0.49762284755706787,0.07881996780633926,0.31377696990966797,0.12014681100845337,1.2771558809027757,2.185873508453369,0.1546461284160614,0.10443471372127533,0.047144707292318344,0.6699456572532654,0.6673676371574402,0.2841230630874634,0.20802387595176697,0.14574560523033142,0.4262363314628601,0.6062374114990234,0.9027044773101807,0.9056779742240906,0.04951156567416132,0.22140117409974933,0.0,True
115,11.818626599997515,0.00017864162290767292,0.6362929940223694,0.04642604663968086,0.4927268922328949,0.07696804404258728,0.3115922212600708,0.11899475753307343,1.2667201804822688,2.185873508453369,0.15205980837345123,0.10285685956478119,0.04717370495200157,0.6648145914077759,0.6632502675056458,0.2827557623386383,0.20662285387516022,0.14459092915058136,0.4214622676372528,0.6043673157691956,0.9002883434295654,0.9007132649421692,0.04922178554921458,0.2199954228335806,0.0,True
120,12.471331900000223,0.00015340649634596826,0.6301926374435425,0.04554666951298714,0.48836037516593933,0.07534360885620117,0.30979883670806885,0.11809490621089935,1.2580152374986495,2.185873508453369,0.14978677034378052,0.1016654446721077,0.047219425439834595,0.6602494716644287,0.6596230864524841,0.2816122770309448,0.20539720356464386,0.1435670405626297,0.4174613952636719,0.6025920510292053,0.8981170058250427,0.8962446451187134,0.04910359276946579,0.21899517339906405,0.0,True
125,13.030753499995626,0.00013153141657966795,0.6248579025268555,0.044810615479946136,0.48448997735977173,0.0739213079214096,0.3083079755306244,0.11721924692392349,1.2505776004370677,2.185873508453369,0.14793217182159424,0.10069110989570618,0.047167349606752396,0.6563096046447754,0.6564002633094788,0.2806668281555176,0.20431619882583618,0.1426158845424652,0.4140976071357727,0.6008726358413696,0.8961825370788574,0.8922528624534607,0.048972051288910336,0.2182531395384377,0.0,True
130,13.57474910000019,0.00011327284891845553,0.6201941967010498,0.04418359324336052,0.48106443881988525,0.07270944118499756,0.30707523226737976,0.11674930155277252,1.2440928677686371,2.185873508453369,0.14643792808055878,0.09981829673051834,0.04704805836081505,0.6528645753860474,0.6535469889640808,0.2798638343811035,0.20337267220020294,0.14167700707912445,0.4112287163734436,0.5993028879165649,0.894449770450592,0.8886785507202148,0.04879691686025386,0.21770793674175073,0.0,True
135,14.012988899994525,9.884485837419116e-05,0.6160907745361328,0.04364382103085518,0.4780174493789673,0.07167453318834305,0.3060435354709625,0.11645499616861343,1.2384209095114498,2.185873508453369,0.14520004391670227,0.09904191642999649,0.0469038225710392,0.6498286128044128,0.651013195514679,0.279175341129303,0.2025500237941742,0.14084836840629578,0.4087328612804413,0.5978650450706482,0.8928840756416321,0.8854625225067139,0.048612669823491515,0.21730776409204594,0.0,True
140,14.488549699999567,8.841659994436882e-05,0.6124220490455627,0.04317282885313034,0.475263386964798,0.07076824456453323,0.30517512559890747,0.11635603755712509,1.2334238651209022,2.185873508453369,0.14412708580493927,0.09838135540485382,0.046767570078372955,0.6471217274665833,0.648706316947937,0.27856531739234924,0.20182596147060394,0.14015312492847443,0.4065077304840088,0.5965335965156555,0.8914432525634766,0.8825082182884216,0.04846088576534644,0.21698057432791018,0.0,True
145,14.96344059999683,8.211033542443055e-05,0.6090472340583801,0.04274923726916313,0.47270360589027405,0.06994613260030746,0.30443134903907776,0.11632204055786133,1.2289295305604395,2.185873508453369,0.14315517246723175,0.09780912101268768,0.046661149710416794,0.644608736038208,0.6465449333190918,0.27802205085754395,0.20117098093032837,0.13951252400875092,0.40446746349334717,0.5952700972557068,0.8900836110115051,0.8797184824943542,0.048354405655624565,0.21672364321411344,0.0,True
150,15.428696499999205,8e-05,0.6058129668235779,0.04235120862722397,0.4702290892601013,0.06917055696249008,0.3037601411342621,0.11620640754699707,1.2246432955213302,2.185873508453369,0.14223156869411469,0.09726371616125107,0.04656760022044182,0.6421701312065125,0.6444377303123474,0.27751675248146057,0.20054911077022552,0.13888241350650787,0.4025269150733948,0.5940290689468384,0.8887405395507812,0.8769752979278564,0.04826139595321703,0.21651341498429072,0.0,True
