epoch,elapsed_s,lr,loss,qfield_loss,vfield_loss,q32_loss,v32_loss,weak_loss,physics_weight,data_grad_norm,physics_grad_norm,gradient_cosine,gradient_norm,score,peak_vram_GiB,displacement_X_relative_l2,displacement_Y_relative_l2,displacement_Z_relative_l2,velocity_X_relative_l2,velocity_Y_relative_l2,velocity_Z_relative_l2,rotation_X_relative_l2,rotation_Y_relative_l2,rotation_Z_relative_l2,rotation_rate_X_relative_l2,rotation_rate_Y_relative_l2,rotation_rate_Z_relative_l2,physical_q_relative_l2,physical_qdot_relative_l2,weak_median,weak_p90,hard_BC_max_abs,finite
0,0.5767636999953538,0.0,2.442448616027832,0.9250848293304443,1.0125231742858887,1.0114989280700684,1.0078638792037964,6.098949909210205,0.0,0.9425422549247742,nan,nan,0.0,5.809367393288702,1.8463354110717773,0.9246564507484436,0.8960184454917908,1.0021511316299438,1.009898066520691,1.0098286867141724,0.9994921684265137,0.9854869246482849,1.0006074905395508,0.9551618695259094,1.0059436559677124,1.0053578615188599,1.0049083232879639,0.9748459703618232,1.0041718684520249,1.1199749064967646,1.573651992734897,0.0,True
1,0.8991099999984726,0.00016,2.442448616027832,0.9250848293304443,1.0125230550765991,1.0114989280700684,1.0078638792037964,6.098950386047363,0.0,0.9425422549247742,nan,nan,0.942542314529419,5.784601291124605,2.0810275077819824,0.9124923348426819,0.8943416476249695,0.9981711506843567,1.0066717863082886,1.0087430477142334,0.9984040260314941,0.9817367196083069,0.9966908097267151,0.9515007138252258,1.0054564476013184,1.0051026344299316,1.0047451257705688,0.9713708139877647,1.0026318279156483,1.1096781483425364,1.5503792161270695,0.0,True
5,1.566068499996618,0.0008,2.3321120738983154,0.8392446637153625,0.9933456778526306,0.9927103519439697,1.005376935005188,6.56606388092041,0.0,0.8966795206069946,nan,nan,0.8966795206069946,5.440030591039141,2.0810275077819824,0.736796498298645,0.8618124723434448,0.9514080286026001,0.9648206830024719,0.9935888051986694,0.9848646521568298,0.9369254112243652,0.9454054236412048,0.9008004665374756,1.0009076595306396,1.0032702684402466,1.002699375152588,0.9274471369304196,0.9818587693700924,0.9912379887490106,1.3072939043646776,0.0,True
10,2.3816110999978264,0.0008,2.052950620651245,0.6161906719207764,0.9482925534248352,0.954041600227356,0.9998282194137573,36.81025695800781,0.0,1.0077710151672363,nan,nan,1.0077708959579468,4.777965718964812,2.0810275077819824,0.6365743279457092,0.7167063355445862,0.7877007126808167,0.8995547294616699,0.9533945918083191,0.9559122920036316,0.7977105379104614,0.8360219597816467,0.8274941444396973,0.9961447715759277,1.0080934762954712,1.0012290477752686,0.768004782169084,0.929097507975612,0.790253215556751,0.9963585573206614,0.0,True
15,3.1921369999981835,0.0008,1.8460962772369385,0.4651511311531067,0.9153871536254883,0.8780609965324402,0.9841712117195129,90.26605224609375,0.0,1.6454309225082397,nan,nan,1.6454309225082397,4.1934338035183085,2.0810275077819824,0.4827377498149872,0.6485270857810974,0.6337686777114868,0.8718326091766357,0.9036595821380615,0.9357611536979675,0.6948964595794678,0.676019012928009,0.7499403953552246,0.989147961139679,1.0130374431610107,1.0008519887924194,0.6346501936053699,0.8762468481980702,0.6194749394052967,0.7785525232546346,0.0,True
20,4.006548400000611,0.0008,1.6578426361083984,0.3314414322376251,0.8912934064865112,0.7848222255706787,0.9556089043617249,139.80047607421875,0.0,1.6898850202560425,nan,nan,1.689884901046753,3.583824164238546,2.0810275077819824,0.562065601348877,0.4456809461116791,0.41985994577407837,0.8703227639198303,0.8608007431030273,0.9108543992042542,0.5645573139190674,0.6236367225646973,0.7190530300140381,0.9763970375061035,1.0125401020050049,1.0002063512802124,0.4224987413082009,0.8254599531643095,0.633880342333607,0.7839674402353523,0.0,True
25,4.89438639999571,0.0008,1.4992834329605103,0.24735894799232483,0.8589599132537842,0.6556565761566162,0.9162017107009888,136.4859619140625,0.0,1.1561896800994873,nan,nan,1.1561896800994873,3.192992037986924,2.0810275077819824,0.47127148509025574,0.32267439365386963,0.362127423286438,0.8506144881248474,0.8358252644538879,0.8913075923919678,0.4686345160007477,0.502388596534729,0.6810666918754578,0.9479583501815796,1.004057765007019,0.9937564134597778,0.3483891096224317,0.7993119076971549,0.5081207850250213,0.7425084425205541,0.0,True
30,5.692413600001601,0.0008,1.3515543937683105,0.18996299803256989,0.8175773620605469,0.49536362290382385,0.8806923627853394,104.8552474975586,0.0,1.0793368816375732,nan,nan,1.0793368816375732,2.8227012364487103,2.0810275077819824,0.42745843529701233,0.25190848112106323,0.258568674325943,0.8327682614326477,0.8143454790115356,0.8509858250617981,0.3723328113555908,0.3967885971069336,0.6738530993461609,0.887607216835022,0.995487630367279,0.9883432388305664,0.25241352545787693,0.7666046749876482,0.3993789797701159,0.5610551600723559,0.0,True
35,6.483499299996765,0.0008,1.2094519138336182,0.14569854736328125,0.763289213180542,0.3758462369441986,0.8260102868080139,114.12190246582031,0.0,0.846321702003479,nan,nan,0.846321702003479,2.4439167850873984,2.0810275077819824,0.4063660204410553,0.1740405261516571,0.1553543359041214,0.8333351016044617,0.7889566421508789,0.7779250741004944,0.31002843379974365,0.32402387261390686,0.6479297280311584,0.802864670753479,0.9902069568634033,0.9845358729362488,0.15476186824314198,0.7065712508390098,0.35687207218957256,0.4523075936845446,0.0,True
40,7.305683499995212,0.0008,1.0879580974578857,0.12104317545890808,0.7136437296867371,0.2596943974494934,0.7533906102180481,78.36673736572266,0.0,0.7071256637573242,nan,nan,0.7071256637573242,2.1948059455516074,2.0810275077819824,0.342046320438385,0.16369624435901642,0.11076872050762177,0.8215380311012268,0.7674967646598816,0.6983386278152466,0.2929650545120239,0.2941974401473999,0.6102150082588196,0.7420641183853149,0.9790301322937012,0.9795042872428894,0.116819359262661,0.6355771783914917,0.300153217751578,0.4761670648565024,0.0,True
45,8.111754899997322,0.0008,0.9836689829826355,0.10468380153179169,0.667232871055603,0.1927156001329422,0.6542935371398926,62.83816146850586,0.0,0.6099089980125427,nan,nan,0.6099089980125427,1.9933423930594318,2.0810275077819824,0.3102285861968994,0.15964101254940033,0.07606713473796844,0.8173502683639526,0.7510595917701721,0.5987268686294556,0.2780159115791321,0.26873454451560974,0.5729162693023682,0.692546010017395,0.9635727405548096,0.9751405119895935,0.09058191534512046,0.5465107596965061,0.26131316741750127,0.5321891132896222,0.0,True
50,8.901955900000758,0.0008,0.8910356760025024,0.09017346799373627,0.6254412531852722,0.1520528942346573,0.5496309995651245,37.26919174194336,0.0,0.44063499569892883,nan,nan,0.44063496589660645,1.812443385138244,2.0810275077819824,0.27498406171798706,0.14341694116592407,0.07079191505908966,0.8050588369369507,0.7421083450317383,0.48766010999679565,0.25821834802627563,0.2387358546257019,0.5492814779281616,0.6551186442375183,0.9472076892852783,0.9683728218078613,0.0795718611381518,0.4525299201486985,0.22559232958440953,0.8681580809231954,0.0,True
55,9.682767099999182,0.0008,0.8153274059295654,0.08036735653877258,0.587062418460846,0.13160458207130432,0.45998573303222656,28.537317276000977,0.0,0.39553266763687134,nan,nan,0.39553266763687134,1.6580300775475898,2.0810275077819824,0.2513520419597626,0.13356737792491913,0.06576880067586899,0.7665210366249084,0.735501229763031,0.395091712474823,0.24701128900051117,0.2134089171886444,0.5282126665115356,0.6368228197097778,0.9317436814308167,0.9606645703315735,0.0726197055460131,0.3723303240192892,0.2011834789544951,1.1414978408849414,0.0,True
60,10.471168099997158,0.0008,0.761947512626648,0.07168123871088028,0.558645486831665,0.11672188341617584,0.40976130962371826,28.025104522705078,0.0,0.283383309841156,nan,nan,0.283383309841156,1.5453799080291915,2.0810275077819824,0.23539628088474274,0.13077759742736816,0.055198315531015396,0.7377097606658936,0.7174232602119446,0.3456704318523407,0.23880912363529205,0.20191793143749237,0.49741727113723755,0.6259725093841553,0.9233056902885437,0.949256420135498,0.06659351360707266,0.3140249484278063,0.2222853565993069,1.396157578829145,0.0,True
65,11.282507399999304,0.0008,0.723615825176239,0.0645868256688118,0.5390640497207642,0.1034664586186409,0.37639328837394714,25.41474723815918,0.0,0.23829255998134613,nan,nan,0.23829255998134613,1.4627039803139557,2.0810275077819824,0.22067593038082123,0.12493625283241272,0.046297989785671234,0.7201548218727112,0.6982042789459229,0.32389289140701294,0.2255554050207138,0.18861229717731476,0.47433361411094666,0.6189829111099243,0.916669487953186,0.9367874264717102,0.06018719702358409,0.27896122835728593,0.222215225637591,1.3234671956880124,0.0,True
70,12.100667499995325,0.0008,0.692074716091156,0.0574154332280159,0.5233685970306396,0.09241210669279099,0.35275062918663025,21.88859748840332,0.0,0.2327885925769806,nan,nan,0.2327885925769806,1.4074559936448088,2.0810275077819824,0.20226842164993286,0.11748245358467102,0.04672834277153015,0.7062722444534302,0.6840958595275879,0.31063759326934814,0.2158934772014618,0.17669662833213806,0.4492937922477722,0.6113012433052063,0.9111663103103638,0.9236001372337341,0.05854714524037539,0.2638535635462327,0.24760238657304542,1.0653605955629397,0.0,True
75,12.909040999998979,0.0008,0.664215087890625,0.05155280977487564,0.5083350539207458,0.08181530237197876,0.3354935646057129,18.97812271118164,0.0,0.18078501522541046,nan,nan,0.18078501522541046,1.35729394022818,2.0810275077819824,0.187648206949234,0.107792928814888,0.04596125707030296,0.6906722187995911,0.6708118915557861,0.3030391335487366,0.20885378122329712,0.1685677468776703,0.42662516236305237,0.603952169418335,0.9053728580474854,0.9093341827392578,0.0549327819471453,0.2573942869891059,0.22490159433660484,0.8046059514447906,0.0,True
80,13.671862899995176,0.0008,0.6409311294555664,0.04715695232152939,0.4949725866317749,0.07239624857902527,0.3228101432323456,17.38210105895996,0.0,0.8813216090202332,nan,nan,0.8813215494155884,1.3297598800386428,2.0810275077819824,0.18780694901943207,0.10207579284906387,0.04464154317975044,0.6784793734550476,0.6575878262519836,0.29891514778137207,0.20147870481014252,0.16145861148834229,0.406747043132782,0.606124222278595,0.8999742269515991,0.8943617343902588,0.052951166850889,0.24958650879061128,0.1868972320692332,0.645401359003428,0.0,True
85,14.452261499995075,0.0008,0.617530882358551,0.04317651316523552,0.4801725745201111,0.06459736824035645,0.3121296763420105,17.334644317626953,0.0,0.59831303358078,nan,nan,0.5983129739761353,1.282008664391852,2.0810275077819824,0.16635145246982574,0.10010401904582977,0.04210115596652031,0.6670251488685608,0.642802357673645,0.29206812381744385,0.19646859169006348,0.1542997658252716,0.38858965039253235,0.6008669137954712,0.8947441577911377,0.8784823417663574,0.05198814855783559,0.2410321463440315,0.16900682273956233,0.5522754104205928,0.0,True
90,15.25311800000054,0.0008,0.5986686944961548,0.0401853583753109,0.4682375490665436,0.05779019370675087,0.30319297313690186,16.624156951904297,0.0,0.8493146300315857,nan,nan,0.8493146300315857,1.2686597118082206,2.0810275077819824,0.1768370419740677,0.09576275944709778,0.04267493262887001,0.6543130874633789,0.6313806772232056,0.2828947901725769,0.19285672903060913,0.14636321365833282,0.37599825859069824,0.5902374386787415,0.8877626061439514,0.8657441139221191,0.051554811440089686,0.2350717777770293,0.1619688891148838,0.4892048912220298,0.0,True
95,16.05550349999976,0.0008,0.5799715518951416,0.038338955491781235,0.4551551342010498,0.050787076354026794,0.2951226532459259,14.516423225402832,0.0,1.0629292726516724,nan,nan,1.0629292726516724,1.2278008790632726,2.0810275077819824,0.16640332341194153,0.08979839086532593,0.03956948220729828,0.6414207816123962,0.6205277442932129,0.2771201729774475,0.1885198950767517,0.13970257341861725,0.3640623092651367,0.5815909504890442,0.8795771598815918,0.8534657955169678,0.04744415509308386,0.23010235608818944,0.14742954099000338,0.48513232123179045,0.0,True
100,16.8666693999985,0.0008,0.5605427026748657,0.035465121269226074,0.4418256878852844,0.044934891164302826,0.2880726754665375,12.764300346374512,0.0,0.6269012093544006,nan,nan,0.6269012093544006,1.198939628338178,2.0810275077819824,0.1576402634382248,0.08808065205812454,0.038168054074048996,0.6273909211158752,0.6108227968215942,0.27200740575790405,0.18604226410388947,0.13538306951522827,0.3532254099845886,0.5716075301170349,0.8697156310081482,0.8416574001312256,0.04672103533537772,0.22643812316943,0.14010688580102906,0.48800823858128684,0.0,True
105,17.66240470000048,0.0008,0.5412247776985168,0.03349798545241356,0.42720815539360046,0.03966137394309044,0.2824130654335022,10.968911170959473,0.0,0.47421959042549133,nan,nan,0.47421956062316895,1.16332330660899,2.0810275077819824,0.14777953922748566,0.08441286534070969,0.03610291704535484,0.6109471321105957,0.6005785465240479,0.2671114504337311,0.1831510215997696,0.13265997171401978,0.34303101897239685,0.5604206323623657,0.858066201210022,0.8289555311203003,0.04440292901069138,0.22261298290112239,0.1425821640327033,0.4804344394625615,0.0,True
110,18.4869533999954,0.0008,0.5208940505981445,0.03202775493264198,0.4103367328643799,0.03543483838438988,0.2786833941936493,9.83387279510498,0.0,0.3912234604358673,nan,nan,0.3912234604358673,1.1368382221416795,2.0810275077819824,0.1453435719013214,0.08202015608549118,0.035505712032318115,0.5915365815162659,0.5899853110313416,0.26013028621673584,0.18121615052223206,0.1302829086780548,0.33495962619781494,0.5438668727874756,0.8447765707969666,0.8148267269134521,0.04375422904539635,0.2187769273899619,0.1345233187602623,0.5011615036666958,0.0,True
115,19.310314900001686,0.0008,0.5011359453201294,0.03084757551550865,0.3933086693286896,0.03192387893795967,0.2759948968887329,8.906082153320312,0.0,0.9230485558509827,nan,nan,0.9230485558509827,1.1179825927676457,2.0810275077819824,0.14756789803504944,0.07896969467401505,0.035302240401506424,0.5733487606048584,0.5789018273353577,0.25799524784088135,0.17911915481090546,0.12748225033283234,0.3273051083087921,0.5344374179840088,0.8312684893608093,0.7982302904129028,0.04303162851018714,0.2159764265126782,0.13514118762880753,0.5761111239859,0.0,True
120,20.122741599996516,0.0008,0.48229679465293884,0.029433006420731544,0.37739819288253784,0.02907300554215908,0.2727893888950348,8.229673385620117,0.0,1.4774806499481201,nan,nan,1.4774806499481201,1.0787045958486727,2.0810275077819824,0.1362760365009308,0.0773363783955574,0.03395792841911316,0.5537152886390686,0.5635417103767395,0.24755939841270447,0.17713922262191772,0.12279962748289108,0.3198452293872833,0.5120607018470764,0.816779375076294,0.7750192284584045,0.042123601027047416,0.2132049055835354,0.1265893306921843,0.6706652679190784,0.0,True
125,20.93331169999874,0.0008,0.4689001739025116,0.028506141155958176,0.3664246201515198,0.027020446956157684,0.26885727047920227,7.66050910949707,0.0,2.502483367919922,nan,nan,2.502483367919922,1.0675637189362557,2.0810275077819824,0.13623574376106262,0.07524953782558441,0.03332654759287834,0.5432003140449524,0.5493901371955872,0.2579634189605713,0.17519454658031464,0.11893467605113983,0.313648521900177,0.5253394842147827,0.8037368655204773,0.7513906955718994,0.04145349568764178,0.21204291793706614,0.12354773868443895,0.7482813155835957,0.0,True
130,21.74846080000134,0.0008,0.439846932888031,0.027488676831126213,0.33968889713287354,0.025073902681469917,0.2656034529209137,7.209084510803223,0.0,1.1904113292694092,nan,nan,1.1904113292694092,1.0543901321536053,2.0810275077819824,0.14359743893146515,0.0763581320643425,0.03410002216696739,0.5277034044265747,0.5315378308296204,0.2462921142578125,0.17448708415031433,0.11730767041444778,0.3109513223171234,0.5036894679069519,0.7911124229431152,0.7237597703933716,0.042984236832286096,0.20916725480308074,0.11910996030182633,0.8257319718726167,0.0,True
135,22.543313399997714,0.0008,0.42111361026763916,0.027570383623242378,0.32197803258895874,0.023383300751447678,0.2628774642944336,6.848054885864258,0.0,1.1894867420196533,nan,nan,1.1894867420196533,1.0196949987934965,2.0810275077819824,0.13114410638809204,0.07363943755626678,0.03358975052833557,0.5157372355461121,0.5137380957603455,0.2423914521932602,0.17266403138637543,0.11442738771438599,0.3049484193325043,0.49401766061782837,0.7815643548965454,0.6952410340309143,0.041605200661221205,0.20756622381944412,0.11470139208676776,0.7854782373414606,0.0,True
140,23.34750979999808,0.0008,0.40424659848213196,0.02610589936375618,0.3078027367591858,0.02191072516143322,0.2594411075115204,6.580565452575684,0.0,1.0817606449127197,nan,nan,1.0817606449127197,1.0131067073642226,2.0810275077819824,0.14091169834136963,0.0724770799279213,0.034028831869363785,0.5041278004646301,0.49647536873817444,0.24043048918247223,0.1716216802597046,0.1139053925871849,0.301544189453125,0.4880569577217102,0.7726992964744568,0.6668154001235962,0.04180052356672005,0.20674348893241876,0.1108566770783705,0.6757889578507477,0.0,True
145,24.1519868999967,0.0008,0.38728445768356323,0.026031015440821648,0.2922179698944092,0.020705275237560272,0.25543659925460815,6.347792625427246,0.0,1.145219326019287,nan,nan,1.145219326019287,0.9776176845907376,2.0810275077819824,0.13105016946792603,0.06919239461421967,0.0333419144153595,0.49229878187179565,0.477540522813797,0.23369631171226501,0.17022737860679626,0.11126444488763809,0.2968626916408539,0.4753236472606659,0.7636698484420776,0.6368534564971924,0.03990371305711171,0.20472336967438381,0.11022653175749356,0.601206127764071,0.0,True
150,24.95443549999618,0.0008,0.3709428012371063,0.025216391310095787,0.27805495262145996,0.01931583881378174,0.25136998295783997,6.160427570343018,0.0,0.9063135385513306,nan,nan,0.9063135385513306,0.9532797573309764,2.0810275077819824,0.12414884567260742,0.0672360360622406,0.03299873694777489,0.4835500717163086,0.4601537585258484,0.23286943137645721,0.16896064579486847,0.10942692309617996,0.2932073175907135,0.47164225578308105,0.7546947598457336,0.6096208095550537,0.03889432294768963,0.20343036978271326,0.10728817221329946,0.5980511076802891,0.0,True
